"match_id","at","queue","winner_team","maps"
844279,2024-01-25 17:54:53,4v4,0,
844332,2024-01-25 20:11:53,4v4,0,
844388,2024-01-25 21:19:11,4v4,0,
844976,2024-01-26 12:38:21,4v4,1,
844980,2024-01-26 13:08:15,4v4,1,
844987,2024-01-26 13:45:59,4v4,0,
844993,2024-01-26 14:28:32,4v4,0,
845095,2024-01-26 19:17:44,4v4,0,
845118,2024-01-26 19:53:31,4v4,1,
845138,2024-01-26 20:37:37,4v4,1,
845168,2024-01-26 21:18:05,4v4,1,
845706,2024-01-27 10:14:37,4v4,1,
845712,2024-01-27 10:49:35,4v4,0,
845748,2024-01-27 14:04:31,4v4,0,
845781,2024-01-27 15:04:12,4v4,1,
845837,2024-01-27 15:54:57,4v4,1,
845902,2024-01-27 16:51:56,4v4,0,
845965,2024-01-27 18:53:26,4v4,0,
845994,2024-01-27 19:33:27,4v4,0,
846015,2024-01-27 19:55:23,4v4,0,
846031,2024-01-27 20:37:51,4v4,0,
846092,2024-01-27 21:23:08,4v4,1,
846129,2024-01-27 22:22:31,4v4,0,
846614,2024-01-28 09:02:49,4v4,0,
846631,2024-01-28 09:41:46,4v4,0,
846645,2024-01-28 10:27:59,4v4,1,
846651,2024-01-28 11:06:07,4v4,0,
846699,2024-01-28 14:16:13,4v4,0,
846713,2024-01-28 14:55:41,4v4,1,
850157,2024-02-02 18:56:56,4v4,0,
850191,2024-02-02 19:37:15,4v4,0,
850242,2024-02-02 20:30:27,4v4,0,
850313,2024-02-02 21:10:09,4v4,0,
851163,2024-02-03 12:40:02,4v4,1,
851212,2024-02-03 13:20:44,4v4,1,
851252,2024-02-03 14:31:47,4v4,1,
851346,2024-02-03 15:29:05,4v4,0,
851383,2024-02-03 16:24:03,4v4,1,
851450,2024-02-03 17:21:52,4v4,0,
851577,2024-02-03 19:10:07,4v4,0,
851611,2024-02-03 19:45:06,4v4,1,
851643,2024-02-03 20:22:21,4v4,1,
851679,2024-02-03 21:10:04,4v4,1,
851730,2024-02-03 21:55:53,4v4,0,
851765,2024-02-03 22:30:54,4v4,1,
852366,2024-02-04 09:36:01,4v4,0,
852421,2024-02-04 11:36:21,4v4,0,
852445,2024-02-04 12:23:36,4v4,0,
852479,2024-02-04 13:13:43,4v4,1,
852528,2024-02-04 13:51:24,4v4,1,
852558,2024-02-04 14:26:19,4v4,0,
852585,2024-02-04 15:25:07,4v4,1,
852637,2024-02-04 16:06:57,4v4,0,
857401,2024-02-09 19:17:38,4v4,1,
857452,2024-02-09 19:54:01,4v4,1,
857507,2024-02-09 20:39:00,4v4,0,
857559,2024-02-09 21:32:18,4v4,1,
857634,2024-02-09 22:18:06,4v4,0,
858268,2024-02-10 12:12:30,4v4,0,
858299,2024-02-10 12:40:36,4v4,0,
858320,2024-02-10 13:37:56,4v4,1,
858352,2024-02-10 14:28:11,4v4,1,
858381,2024-02-10 14:50:07,4v4,0,
858615,2024-02-10 19:03:18,4v4,1,
858655,2024-02-10 19:04:18,4v4,1,
858695,2024-02-10 20:44:29,4v4,1,
858772,2024-02-10 21:58:10,4v4,1,
859427,2024-02-11 12:57:09,4v4,0,
859454,2024-02-11 13:40:47,4v4,1,
859480,2024-02-11 14:56:11,4v4,1,
864223,2024-02-16 19:04:21,4v4,0,
864254,2024-02-16 19:43:09,4v4,1,
864282,2024-02-16 20:34:07,4v4,1,
864322,2024-02-16 21:11:00,4v4,1,
864382,2024-02-16 21:54:40,4v4,1,
864422,2024-02-16 22:48:56,4v4,1,
865092,2024-02-17 11:26:02,4v4,0,
865099,2024-02-17 12:06:58,4v4,1,
865115,2024-02-17 12:59:02,4v4,1,
865129,2024-02-17 13:54:49,4v4,1,
865157,2024-02-17 14:48:45,4v4,1,
865199,2024-02-17 15:40:29,4v4,0,
865253,2024-02-17 17:46:44,4v4,1,
865319,2024-02-17 19:42:38,4v4,0,
865363,2024-02-17 20:26:39,4v4,0,
865384,2024-02-17 21:23:38,4v4,1,
865417,2024-02-17 22:31:12,4v4,1,
865464,2024-02-17 23:11:07,4v4,0,
865943,2024-02-18 11:12:56,4v4,1,
865961,2024-02-18 11:43:36,4v4,1,
865983,2024-02-18 12:37:31,4v4,0,
865999,2024-02-18 13:34:13,4v4,1,
866024,2024-02-18 14:33:33,4v4,1,
866061,2024-02-18 14:53:26,4v4,0,
866090,2024-02-18 15:54:24,4v4,1,
866126,2024-02-18 16:32:18,4v4,1,
866172,2024-02-18 17:18:24,4v4,0,
866210,2024-02-18 18:09:31,4v4,1,
866283,2024-02-18 20:02:56,4v4,0,
866312,2024-02-18 20:42:49,4v4,1,
872165,2024-02-25 12:37:21,4v4,0,
872194,2024-02-25 13:33:09,4v4,1,
872236,2024-02-25 14:28:09,4v4,1,
872263,2024-02-25 15:25:59,4v4,1,
872327,2024-02-25 16:42:31,4v4,0,
872354,2024-02-25 17:22:46,4v4,1,
872442,2024-02-25 19:33:56,4v4,1,
876245,2024-03-01 18:46:26,4v4,1,
876272,2024-03-01 19:15:59,4v4,0,
876295,2024-03-01 20:16:50,4v4,0,
876363,2024-03-01 21:00:12,4v4,1,
876412,2024-03-01 21:32:18,4v4,1,
876444,2024-03-01 22:02:33,4v4,1,
877047,2024-03-02 10:24:07,4v4,1,
877082,2024-03-02 12:26:02,4v4,1,
877100,2024-03-02 13:28:25,4v4,1,
877130,2024-03-02 14:08:48,4v4,0,
877300,2024-03-02 18:36:07,4v4,1,
877312,2024-03-02 19:13:13,4v4,1,
877337,2024-03-02 19:58:52,4v4,1,
877375,2024-03-02 20:32:30,4v4,1,
877405,2024-03-02 21:18:46,4v4,0,
877444,2024-03-02 22:20:26,4v4,1,
877493,2024-03-02 22:32:07,4v4,0,
877504,2024-03-02 23:10:45,4v4,0,
878222,2024-03-03 14:01:44,4v4,1,
878240,2024-03-03 14:36:50,4v4,0,
878263,2024-03-03 15:07:49,4v4,0,
878279,2024-03-03 15:52:51,4v4,0,
878308,2024-03-03 16:37:16,4v4,0,
878329,2024-03-03 17:27:18,4v4,0,
878391,2024-03-03 19:10:24,4v4,1,
878411,2024-03-03 20:09:58,4v4,1,
881928,2024-03-08 16:39:27,4v4,1,
881975,2024-03-08 17:40:56,4v4,0,
882013,2024-03-08 19:04:27,4v4,1,
882053,2024-03-08 19:41:29,4v4,0,
882076,2024-03-08 21:01:22,4v4,1,
882726,2024-03-09 13:26:30,4v4,1,
882763,2024-03-09 14:07:18,4v4,0,
882803,2024-03-09 15:17:04,4v4,1,
882869,2024-03-09 16:15:57,4v4,0,
882898,2024-03-09 17:11:38,4v4,1,
882979,2024-03-09 19:14:05,4v4,1,
883022,2024-03-09 19:56:32,4v4,0,
883047,2024-03-09 20:29:31,4v4,0,
883073,2024-03-09 21:17:56,4v4,0,
883120,2024-03-09 22:00:40,4v4,0,
883155,2024-03-09 22:19:07,4v4,0,
883170,2024-03-09 23:03:03,4v4,1,
883597,2024-03-10 09:12:51,4v4,1,
883611,2024-03-10 09:48:13,4v4,0,
883622,2024-03-10 10:38:34,4v4,0,
883655,2024-03-10 11:20:06,4v4,1,
883662,2024-03-10 11:55:36,4v4,0,
883675,2024-03-10 12:28:00,4v4,0,
883689,2024-03-10 13:15:24,4v4,1,
883690,2024-03-10 13:01:11,4v4,1,
883702,2024-03-10 13:40:37,4v4,1,
883817,2024-03-10 16:49:59,4v4,1,
887934,2024-03-15 17:37:45,4v4,1,
887963,2024-03-15 18:14:28,4v4,0,
888011,2024-03-15 20:10:53,4v4,0,
888031,2024-03-15 21:01:56,4v4,1,
888631,2024-03-16 11:44:35,4v4,1,
888660,2024-03-16 12:56:12,4v4,0,
888689,2024-03-16 13:38:35,4v4,0,
888707,2024-03-16 14:30:46,4v4,0,
888748,2024-03-16 15:33:12,4v4,0,
888852,2024-03-16 17:51:27,4v4,0,
888889,2024-03-16 18:40:31,4v4,1,
888909,2024-03-16 19:07:01,4v4,1,
888923,2024-03-16 19:41:58,4v4,0,
888951,2024-03-16 20:26:54,4v4,1,
888983,2024-03-16 21:01:55,4v4,0,
889012,2024-03-16 22:11:26,4v4,0,
889104,2024-03-16 23:20:58,4v4,0,
889675,2024-03-17 10:02:17,4v4,1,
889695,2024-03-17 10:39:48,4v4,0,
889727,2024-03-17 11:36:14,4v4,0,
889785,2024-03-17 13:03:12,4v4,1,
889818,2024-03-17 13:38:20,4v4,1,
890009,2024-03-17 19:22:15,4v4,1,
890032,2024-03-17 20:05:25,4v4,1,
890076,2024-03-17 21:24:53,4v4,0,
894544,2024-03-23 09:38:03,4v4,0,
894582,2024-03-23 10:10:12,4v4,1,
894594,2024-03-23 10:35:42,4v4,1,
894609,2024-03-23 11:21:35,4v4,1,
894655,2024-03-23 13:47:23,4v4,1,
894691,2024-03-23 14:35:03,4v4,1,
894719,2024-03-23 15:15:08,4v4,0,
894806,2024-03-23 16:59:43,4v4,0,
894827,2024-03-23 18:07:42,4v4,0,
895843,2024-03-24 10:54:33,4v4,0,
895854,2024-03-24 11:38:35,4v4,0,
895900,2024-03-24 13:16:53,4v4,1,
895919,2024-03-24 13:54:34,4v4,1,
895941,2024-03-24 14:48:58,4v4,1,
896140,2024-03-24 19:02:37,4v4,0,
896156,2024-03-24 19:42:15,4v4,1,
896174,2024-03-24 20:37:08,4v4,0,
902697,2024-03-31 08:54:32,4v4,0,
902738,2024-03-31 09:51:04,4v4,0,
902810,2024-03-31 12:13:53,4v4,1,
902820,2024-03-31 12:51:37,4v4,1,
902827,2024-03-31 13:31:58,4v4,0,
902837,2024-03-31 14:05:22,4v4,1,
902846,2024-03-31 14:45:12,4v4,1,
902884,2024-03-31 17:00:27,4v4,0,
902911,2024-03-31 17:43:05,4v4,1,
902959,2024-03-31 19:06:40,4v4,0,
902991,2024-03-31 19:30:04,4v4,1,
903012,2024-03-31 20:12:37,4v4,1,
903062,2024-03-31 20:47:38,4v4,0,
907912,2024-04-05 16:52:53,4v4,0,
907940,2024-04-05 17:31:55,4v4,0,
908012,2024-04-05 19:02:55,4v4,0,
908039,2024-04-05 19:40:05,4v4,0,
908069,2024-04-05 20:47:23,4v4,0,
908771,2024-04-06 09:25:53,4v4,1,
908782,2024-04-06 10:10:18,4v4,1,
908797,2024-04-06 10:57:39,4v4,1,
908812,2024-04-06 11:53:57,4v4,0,
908922,2024-04-06 15:00:10,4v4,1,
908952,2024-04-06 15:43:41,4v4,1,
909020,2024-04-06 16:36:02,4v4,0,
909044,2024-04-06 17:18:14,4v4,0,
909092,2024-04-06 18:13:58,4v4,1,
909191,2024-04-06 20:02:58,4v4,1,
909236,2024-04-06 20:42:01,4v4,0,
909274,2024-04-06 21:14:41,4v4,1,
909311,2024-04-06 21:46:24,4v4,1,
909348,2024-04-06 22:21:32,4v4,0,
909903,2024-04-07 09:57:15,4v4,0,
909932,2024-04-07 10:48:53,4v4,0,
909958,2024-04-07 11:25:51,4v4,0,
909972,2024-04-07 12:07:00,4v4,0,
909997,2024-04-07 13:04:00,4v4,0,
910027,2024-04-07 13:41:43,4v4,1,
910058,2024-04-07 14:41:13,4v4,0,
910090,2024-04-07 15:26:15,4v4,1,
910114,2024-04-07 16:05:41,4v4,1,
910238,2024-04-07 19:59:41,4v4,0,
910276,2024-04-07 20:40:56,4v4,0,
912942,2024-04-11 13:29:57,4v4,1,
913011,2024-04-11 17:03:36,4v4,0,
913050,2024-04-11 17:46:14,4v4,0,
913097,2024-04-11 19:45:17,4v4,1,
913117,2024-04-11 20:41:32,4v4,0,
913686,2024-04-12 17:19:16,4v4,1,
913775,2024-04-12 19:16:02,4v4,0,
913786,2024-04-12 19:59:35,4v4,0,
913825,2024-04-12 20:31:58,4v4,0,
913845,2024-04-12 21:10:42,4v4,0,
913863,2024-04-12 21:50:15,4v4,1,
914334,2024-04-13 10:02:17,4v4,0,
914355,2024-04-13 10:39:36,4v4,1,
914388,2024-04-13 12:45:07,4v4,1,
914399,2024-04-13 13:17:26,4v4,1,
914418,2024-04-13 13:53:51,4v4,1,
914463,2024-04-13 14:32:43,4v4,1,
914526,2024-04-13 16:43:20,4v4,1,
914542,2024-04-13 17:21:38,4v4,0,
914625,2024-04-13 19:55:14,4v4,0,
914651,2024-04-13 20:31:29,4v4,1,
914672,2024-04-13 21:08:10,4v4,0,
914706,2024-04-13 22:32:09,4v4,0,
914772,2024-04-13 22:59:01,4v4,1,
915161,2024-04-14 09:17:14,4v4,1,
915182,2024-04-14 10:08:05,4v4,0,
915205,2024-04-14 10:49:00,4v4,0,
915233,2024-04-14 12:31:12,4v4,1,
915258,2024-04-14 13:23:44,4v4,1,
915269,2024-04-14 13:59:27,4v4,1,
915277,2024-04-14 14:41:47,4v4,1,
915292,2024-04-14 15:16:49,4v4,0,
915336,2024-04-14 17:03:23,4v4,1,
917993,2024-04-18 17:30:35,4v4,0,Land Nomad
918006,2024-04-18 18:24:27,4v4,1,Land Nomad
918050,2024-04-18 19:51:54,4v4,0,Land Nomad
918077,2024-04-18 20:28:36,4v4,0,Land Nomad
918103,2024-04-18 21:07:10,4v4,0,Land Nomad
918120,2024-04-18 21:52:01,4v4,0,Arena
918150,2024-04-18 23:21:41,4v4,0,Arabia
918550,2024-04-19 14:01:07,4v4,1,Land Nomad
918566,2024-04-19 14:47:05,4v4,0,Land Nomad
918590,2024-04-19 16:01:03,4v4,1,Land Nomad
918642,2024-04-19 16:36:51,4v4,1,Amazon Tunnel
919208,2024-04-20 09:43:45,4v4,0,Arabia
919236,2024-04-20 10:54:54,4v4,0,Black Forest
919295,2024-04-20 13:30:37,4v4,0,Nomad
919308,2024-04-20 14:11:53,4v4,1,Amazon Tunnel
919330,2024-04-20 15:01:43,4v4,1,Land Nomad
919399,2024-04-20 17:16:00,4v4,0,Arena
919413,2024-04-20 18:03:14,4v4,1,Michi
919480,2024-04-20 19:40:36,4v4,0,Arabia
919514,2024-04-20 20:15:23,4v4,0,Black Forest
919533,2024-04-20 20:48:31,4v4,0,Nomad
919570,2024-04-20 21:27:36,4v4,0,Amazon Tunnel
920051,2024-04-21 10:26:59,4v4,0,Land Nomad
920097,2024-04-21 11:28:34,4v4,1,Arena
920106,2024-04-21 12:06:50,4v4,1,Michi
920120,2024-04-21 12:44:28,4v4,1,Arabia
920130,2024-04-21 13:25:49,4v4,0,Black Forest
920195,2024-04-21 15:45:29,4v4,1,Nomad
920223,2024-04-21 16:38:51,4v4,1,Amazon Tunnel
920239,2024-04-21 17:43:22,4v4,0,Land Nomad
920333,2024-04-21 19:14:57,4v4,1,Arena
920362,2024-04-21 19:58:41,4v4,0,Michi
920380,2024-04-21 20:33:18,4v4,1,Arabia
920414,2024-04-21 21:09:00,4v4,0,Black Forest
923726,2024-04-26 18:12:42,4v4,0,Land Nomad
923769,2024-04-26 19:46:01,4v4,0,Nomad
923793,2024-04-26 20:22:39,4v4,1,Arena
923811,2024-04-26 21:02:33,4v4,0,Amazon Tunnel
924421,2024-04-27 08:32:08,4v4,0,Arabia
924433,2024-04-27 09:06:06,4v4,1,Michi
924471,2024-04-27 10:09:04,4v4,1,Black Forest
924487,2024-04-27 10:47:48,4v4,0,Land Nomad
924525,2024-04-27 12:28:50,4v4,0,Nomad
924547,2024-04-27 13:09:00,4v4,1,Arena
924581,2024-04-27 13:58:17,4v4,1,Amazon Tunnel
924612,2024-04-27 14:43:06,4v4,0,Arabia
925395,2024-04-28 08:52:35,4v4,1,Michi
925412,2024-04-28 09:40:22,4v4,1,Black Forest
925426,2024-04-28 10:39:11,4v4,1,Land Nomad
925447,2024-04-28 11:50:36,4v4,0,Nomad
925461,2024-04-28 12:42:52,4v4,1,Arena
925475,2024-04-28 13:17:42,4v4,1,Amazon Tunnel
925497,2024-04-28 14:14:49,4v4,1,Arabia
925522,2024-04-28 15:13:08,4v4,1,Michi
925568,2024-04-28 16:14:31,4v4,1,Black Forest
925604,2024-04-28 17:04:09,4v4,1,Land Nomad
925690,2024-04-28 19:27:21,4v4,1,Nomad
929860,2024-05-03 19:37:59,4v4,0,Arena
929891,2024-05-03 20:10:57,4v4,0,Amazon Tunnel
929928,2024-05-03 20:55:48,4v4,0,Arabia
929974,2024-05-03 21:41:48,4v4,0,Michi
930787,2024-05-04 12:45:43,4v4,0,Black Forest
930798,2024-05-04 13:33:15,4v4,1,Land Nomad
930831,2024-05-04 14:23:38,4v4,0,Nomad
931084,2024-05-04 19:27:18,4v4,1,Arena
931101,2024-05-04 19:54:12,4v4,0,Amazon Tunnel
931787,2024-05-05 09:03:03,4v4,1,Arabia
931821,2024-05-05 09:38:24,4v4,0,Michi
931903,2024-05-05 12:45:14,4v4,1,Land Nomad
931909,2024-05-05 12:42:44,4v4,0,
931910,2024-05-05 13:20:48,4v4,1,Nomad
931938,2024-05-05 14:11:35,4v4,0,Arena
931946,2024-05-05 14:57:07,4v4,1,Amazon Tunnel
931984,2024-05-05 16:04:33,4v4,1,Arabia
932016,2024-05-05 16:57:13,4v4,1,Michi
932114,2024-05-05 19:50:59,4v4,1,Black Forest
932138,2024-05-05 20:30:33,4v4,0,Land Nomad
935375,2024-05-10 20:26:33,4v4,1,Nomad
935395,2024-05-10 21:06:02,4v4,0,Arena
935409,2024-05-10 21:48:00,4v4,1,Amazon Tunnel
935910,2024-05-11 09:43:56,4v4,1,Arabia
935966,2024-05-11 12:43:00,4v4,0,Michi
935975,2024-05-11 13:25:23,4v4,0,Black Forest
935985,2024-05-11 14:06:28,4v4,0,Land Nomad
935987,2024-05-11 14:39:41,4v4,0,Nomad
936004,2024-05-11 15:47:29,4v4,0,Arena
936619,2024-05-12 09:12:43,4v4,0,Amazon Tunnel
936628,2024-05-12 09:44:11,4v4,0,Arabia
936648,2024-05-12 10:17:18,4v4,0,Michi
936661,2024-05-12 11:12:08,4v4,1,Black Forest
936714,2024-05-12 13:09:57,4v4,1,Land Nomad
936728,2024-05-12 13:36:09,4v4,0,Nomad
936736,2024-05-12 14:19:49,4v4,1,Arena
936746,2024-05-12 14:57:37,4v4,0,Amazon Tunnel
936769,2024-05-12 15:42:39,4v4,1,Arabia
936858,2024-05-12 19:04:28,4v4,0,Michi
936890,2024-05-12 20:06:44,4v4,0,Black Forest
936928,2024-05-12 21:07:32,4v4,1,Land Nomad
940679,2024-05-17 19:54:01,4v4,0,Nomad
940734,2024-05-17 20:39:40,4v4,0,Arena
941814,2024-05-18 13:41:39,4v4,0,Amazon Tunnel
941887,2024-05-18 14:46:23,4v4,1,Arabia
942236,2024-05-18 19:39:25,4v4,0,Michi
942314,2024-05-18 20:19:54,4v4,1,Black Forest
942399,2024-05-18 20:56:25,4v4,0,Land Nomad
942464,2024-05-18 21:31:14,4v4,0,Nomad
943496,2024-05-19 09:42:12,4v4,0,Arena
943520,2024-05-19 10:53:58,4v4,1,Amazon Tunnel
943735,2024-05-19 15:01:09,4v4,1,Arabia
943805,2024-05-19 15:26:05,4v4,1,Michi
944032,2024-05-19 19:17:47,4v4,1,Black Forest
944090,2024-05-19 19:54:26,4v4,1,Land Nomad
944141,2024-05-19 20:32:16,4v4,0,Nomad
949274,2024-05-24 17:25:18,4v4,1,Arena
949430,2024-05-24 19:56:10,4v4,0,Amazon Tunnel
949457,2024-05-24 20:44:11,4v4,1,Arabia
949496,2024-05-24 21:28:48,4v4,0,Michi
949540,2024-05-24 21:55:52,4v4,0,Black Forest
950393,2024-05-25 10:48:38,4v4,0,Land Nomad
950401,2024-05-25 11:30:41,4v4,1,Nomad
950496,2024-05-25 14:16:32,4v4,1,Arena
950535,2024-05-25 14:49:39,4v4,1,Amazon Tunnel
950561,2024-05-25 15:21:09,4v4,0,Arabia
950790,2024-05-25 19:29:46,4v4,1,Michi
951648,2024-05-26 09:26:10,4v4,1,Black Forest
951677,2024-05-26 10:28:30,4v4,0,Land Nomad
951737,2024-05-26 13:04:21,4v4,0,Nomad
951780,2024-05-26 13:40:46,4v4,1,Arena
951807,2024-05-26 14:22:19,4v4,0,Amazon Tunnel
952085,2024-05-26 19:44:49,4v4,0,Arabia
952117,2024-05-26 20:19:19,4v4,0,Michi
956440,2024-05-31 19:26:46,4v4,0,Black Forest
956481,2024-05-31 20:22:01,4v4,1,Land Nomad
958113,2024-06-02 11:59:30,4v4,0,Nomad
958129,2024-06-02 12:35:01,4v4,1,Arena
958154,2024-06-02 13:39:17,4v4,0,Amazon Tunnel
958188,2024-06-02 14:55:50,4v4,0,Arabia
958217,2024-06-02 15:45:53,4v4,1,Michi
958352,2024-06-02 19:13:06,4v4,0,Black Forest
958384,2024-06-02 20:13:20,4v4,0,Land Nomad
961705,2024-06-07 19:41:01,4v4,0,Nomad
961717,2024-06-07 20:31:24,4v4,1,Arena
961751,2024-06-07 21:12:21,4v4,1,Amazon Tunnel
962260,2024-06-08 13:43:38,4v4,1,Arabia
962417,2024-06-08 19:02:00,4v4,0,Michi
963002,2024-06-09 08:11:49,4v4,1,Black Forest
963020,2024-06-09 08:53:24,4v4,1,Land Nomad
963039,2024-06-09 09:49:52,4v4,0,Nomad
963087,2024-06-09 12:26:13,4v4,0,Arena
963108,2024-06-09 12:51:45,4v4,1,Amazon Tunnel
963138,2024-06-09 13:45:34,4v4,1,Arabia
963156,2024-06-09 14:15:56,4v4,1,Michi
963164,2024-06-09 14:56:43,4v4,0,Black Forest
963201,2024-06-09 15:48:09,4v4,0,Land Nomad
963241,2024-06-09 17:18:58,4v4,1,Nomad
963289,2024-06-09 19:53:05,4v4,1,Arena
963330,2024-06-09 20:46:04,4v4,1,Amazon Tunnel
966140,2024-06-14 19:57:55,4v4,0,Arabia
966167,2024-06-14 20:29:34,4v4,0,Michi
966660,2024-06-15 14:05:31,4v4,0,Black Forest
966691,2024-06-15 14:46:29,4v4,1,Land Nomad
966725,2024-06-15 15:22:57,4v4,1,Nomad
966858,2024-06-15 18:58:11,4v4,0,Arena
966881,2024-06-15 19:44:02,4v4,1,Amazon Tunnel
966897,2024-06-15 20:35:08,4v4,1,Arabia
966913,2024-06-15 21:33:56,4v4,1,Michi
967192,2024-06-16 09:48:23,4v4,0,Black Forest
967214,2024-06-16 10:22:48,4v4,1,Land Nomad
967270,2024-06-16 12:21:23,4v4,1,Nomad
967282,2024-06-16 12:55:48,4v4,0,Arena
967297,2024-06-16 13:31:52,4v4,1,Amazon Tunnel
967310,2024-06-16 14:37:40,4v4,0,Arabia
967355,2024-06-16 15:16:01,4v4,1,Michi
967384,2024-06-16 15:50:39,4v4,0,Black Forest
967401,2024-06-16 16:46:03,4v4,0,Land Nomad
967468,2024-06-16 19:11:48,4v4,0,Nomad
967487,2024-06-16 19:48:52,4v4,1,Arena
967511,2024-06-16 20:23:39,4v4,0,Amazon Tunnel
970594,2024-06-21 19:22:32,4v4,1,Arabia
970610,2024-06-21 20:21:30,4v4,0,Michi
970628,2024-06-21 20:57:57,4v4,1,Black Forest
970645,2024-06-21 21:34:21,4v4,1,Land Nomad
971057,2024-06-22 08:53:53,4v4,1,Nomad
971086,2024-06-22 09:23:14,4v4,1,Arena
971124,2024-06-22 10:20:18,4v4,1,Amazon Tunnel
971199,2024-06-22 13:07:15,4v4,0,Arabia
971275,2024-06-22 14:53:38,4v4,0,Michi
971286,2024-06-22 15:35:24,4v4,1,Black Forest
971309,2024-06-22 16:16:25,4v4,1,Land Nomad
971332,2024-06-22 16:54:02,4v4,1,Nomad
971431,2024-06-22 19:11:16,4v4,0,Arena
971463,2024-06-22 20:04:43,4v4,1,Amazon Tunnel
971481,2024-06-22 20:44:16,4v4,1,Arabia
971513,2024-06-22 21:15:05,4v4,0,Michi
971559,2024-06-22 22:04:09,4v4,0,Black Forest
972102,2024-06-23 09:39:18,4v4,1,Land Nomad
972134,2024-06-23 10:37:09,4v4,1,Nomad
972148,2024-06-23 11:05:38,4v4,0,Arena
972157,2024-06-23 12:02:40,4v4,1,Amazon Tunnel
972192,2024-06-23 12:51:40,4v4,0,Arabia
972251,2024-06-23 13:23:04,4v4,1,Michi
972292,2024-06-23 14:09:50,4v4,1,Black Forest
972340,2024-06-23 14:40:19,4v4,1,Land Nomad
972361,2024-06-23 15:24:54,4v4,0,Nomad
972400,2024-06-23 16:17:33,4v4,1,Arena
972424,2024-06-23 16:59:40,4v4,0,Amazon Tunnel
972465,2024-06-23 17:44:28,4v4,0,Arabia
972485,2024-06-23 18:13:33,4v4,0,Michi
972509,2024-06-23 18:54:09,4v4,1,Black Forest
972535,2024-06-23 19:28:06,4v4,0,Land Nomad
972561,2024-06-23 20:04:35,4v4,1,Nomad
972594,2024-06-23 20:52:01,4v4,1,Arena
976708,2024-06-28 19:09:44,4v4,0,Amazon Tunnel
976764,2024-06-28 20:11:59,4v4,1,Arabia
976794,2024-06-28 20:46:54,4v4,1,Michi
977289,2024-06-29 10:16:15,4v4,0,Black Forest
977304,2024-06-29 11:04:41,4v4,0,Land Nomad
977367,2024-06-29 13:26:03,4v4,0,Nomad
977393,2024-06-29 14:01:13,4v4,1,Arena
977662,2024-06-29 21:48:12,4v4,0,Amazon Tunnel
978054,2024-06-30 09:29:17,4v4,0,Arabia
978082,2024-06-30 10:35:42,4v4,1,Michi
978124,2024-06-30 11:06:49,4v4,0,Black Forest
978159,2024-06-30 12:34:35,4v4,1,Land Nomad
978164,2024-06-30 13:05:07,4v4,1,Nomad
978181,2024-06-30 13:57:20,4v4,0,Arena
978206,2024-06-30 14:54:52,4v4,1,Amazon Tunnel
978248,2024-06-30 16:01:33,4v4,0,Arabia
978285,2024-06-30 16:48:28,4v4,1,Michi
978333,2024-06-30 18:32:58,4v4,1,Black Forest
978361,2024-06-30 19:06:28,4v4,1,Land Nomad
978390,2024-06-30 19:58:52,4v4,1,Nomad
978430,2024-06-30 20:55:02,4v4,0,Arena
981451,2024-07-05 19:26:39,4v4,0,Michi
981474,2024-07-05 20:13:01,4v4,0,Arabia
981484,2024-07-05 20:43:15,4v4,1,Amazon Tunnel
981808,2024-07-06 10:59:06,4v4,1,Land Nomad
981828,2024-07-06 11:42:14,4v4,0,Nomad
981868,2024-07-06 13:33:34,4v4,0,Black Forest
981922,2024-07-06 14:31:56,4v4,1,Arena
981935,2024-07-06 15:35:39,4v4,1,Michi
981969,2024-07-06 16:14:43,4v4,1,Arabia
981980,2024-07-06 16:59:57,4v4,0,Amazon Tunnel
982013,2024-07-06 19:05:48,4v4,0,Land Nomad
982026,2024-07-06 19:46:06,4v4,0,Nomad
982418,2024-07-07 09:40:21,4v4,0,Black Forest
982471,2024-07-07 12:49:22,4v4,1,Arena
982478,2024-07-07 13:29:00,4v4,1,Michi
982490,2024-07-07 14:22:53,4v4,0,Arabia
982572,2024-07-07 17:05:58,4v4,0,Amazon Tunnel
982594,2024-07-07 18:02:55,4v4,0,Land Nomad
982631,2024-07-07 20:07:43,4v4,0,Nomad
985362,2024-07-12 19:28:38,4v4,1,Black Forest
985380,2024-07-12 20:11:48,4v4,1,Arena
985410,2024-07-12 21:01:20,4v4,0,Michi
985427,2024-07-12 21:46:06,4v4,1,Arabia
985861,2024-07-13 09:42:42,4v4,1,Amazon Tunnel
985876,2024-07-13 10:22:32,4v4,0,Land Nomad
985881,2024-07-13 11:07:29,4v4,1,Nomad
985919,2024-07-13 13:00:05,4v4,0,Black Forest
985924,2024-07-13 13:27:54,4v4,0,Arena
985944,2024-07-13 14:01:32,4v4,1,Michi
985963,2024-07-13 14:38:50,4v4,1,Arabia
986037,2024-07-13 17:07:15,4v4,0,Amazon Tunnel
986047,2024-07-13 17:34:34,4v4,1,Land Nomad
986057,2024-07-13 18:15:00,4v4,1,Nomad
986082,2024-07-13 20:01:29,4v4,0,Black Forest
986111,2024-07-13 20:46:24,4v4,0,Arena
986640,2024-07-14 11:59:58,4v4,0,Michi
986651,2024-07-14 12:42:40,4v4,0,Arabia
986660,2024-07-14 13:28:12,4v4,0,Amazon Tunnel
986812,2024-07-14 19:21:59,4v4,0,Land Nomad
986831,2024-07-14 20:14:33,4v4,1,Nomad
990177,2024-07-19 19:25:46,4v4,1,Black Forest
990196,2024-07-19 20:00:02,4v4,1,Arena
990215,2024-07-19 20:40:02,4v4,0,Michi
990232,2024-07-19 21:15:26,4v4,0,Arabia
990253,2024-07-19 22:20:55,4v4,1,Amazon Tunnel
990688,2024-07-20 13:42:33,4v4,0,Land Nomad
990779,2024-07-20 17:49:14,4v4,1,Nomad
991250,2024-07-21 09:41:41,4v4,0,Black Forest
991281,2024-07-21 10:47:25,4v4,0,Arena
991296,2024-07-21 11:44:59,4v4,1,Michi
991321,2024-07-21 13:18:51,4v4,0,Arabia
991338,2024-07-21 14:04:21,4v4,1,Amazon Tunnel
991362,2024-07-21 14:48:19,4v4,0,Land Nomad
991372,2024-07-21 15:36:36,4v4,0,Nomad
991378,2024-07-21 16:08:27,4v4,1,Black Forest
991388,2024-07-21 16:48:00,4v4,1,Arena
991405,2024-07-21 18:07:28,4v4,0,Michi
991430,2024-07-21 18:49:45,4v4,1,Arabia
991455,2024-07-21 19:22:29,4v4,1,Amazon Tunnel
991472,2024-07-21 20:15:01,4v4,0,Land Nomad
995094,2024-07-27 14:03:13,4v4,0,Nomad
995113,2024-07-27 14:48:54,4v4,1,Black Forest
995170,2024-07-27 17:13:42,4v4,0,Arena
995182,2024-07-27 17:53:01,4v4,0,Michi
995199,2024-07-27 18:20:37,4v4,0,Arabia
995208,2024-07-27 19:14:28,4v4,1,Amazon Tunnel
995677,2024-07-28 10:46:48,4v4,1,African Clearing
995709,2024-07-28 14:05:38,4v4,1,Land Nomad
995853,2024-07-28 19:35:57,4v4,1,African Clearing
995867,2024-07-28 20:30:49,4v4,1,Land Nomad
998942,2024-08-02 19:24:03,4v4,0,African Clearing
998968,2024-08-02 20:13:12,4v4,1,Land Nomad
998986,2024-08-02 20:59:18,4v4,0,African Clearing
999384,2024-08-03 10:10:25,4v4,1,Land Nomad
999393,2024-08-03 10:57:32,4v4,1,African Clearing
999405,2024-08-03 11:16:46,4v4,0,Land Nomad
999410,2024-08-03 11:44:46,4v4,0,African Clearing
999414,2024-08-03 12:18:50,4v4,0,Land Nomad
999508,2024-08-03 16:09:53,4v4,1,African Clearing
999548,2024-08-03 16:50:19,4v4,0,Land Nomad
999569,2024-08-03 17:23:51,4v4,1,African Clearing
999661,2024-08-03 20:03:21,4v4,1,Land Nomad
999704,2024-08-03 20:48:10,4v4,1,African Clearing
999731,2024-08-03 21:20:11,4v4,1,Land Nomad
999749,2024-08-03 21:48:24,4v4,0,African Clearing
999772,2024-08-03 22:29:04,4v4,0,Land Nomad
999797,2024-08-03 23:07:02,4v4,0,African Clearing
1000025,2024-08-04 07:57:38,4v4,1,Land Nomad
1000045,2024-08-04 08:42:57,4v4,0,African Clearing
1000059,2024-08-04 09:18:57,4v4,0,Land Nomad
1000112,2024-08-04 10:34:34,4v4,0,African Clearing
1000154,2024-08-04 12:42:23,4v4,0,Land Nomad
1000189,2024-08-04 13:29:42,4v4,0,African Clearing
1000204,2024-08-04 14:04:18,4v4,1,Land Nomad
1000365,2024-08-04 20:00:41,4v4,0,African Clearing
1003458,2024-08-09 17:24:20,4v4,0,Land Nomad
1003507,2024-08-09 19:05:44,4v4,1,African Clearing
1003517,2024-08-09 19:41:19,4v4,1,Land Nomad
1003539,2024-08-09 20:29:54,4v4,0,African Clearing
1003552,2024-08-09 21:04:17,4v4,0,Land Nomad
1003573,2024-08-09 21:39:10,4v4,1,African Clearing
1004038,2024-08-10 08:14:09,4v4,1,Land Nomad
1004061,2024-08-10 08:49:48,4v4,1,African Clearing
1004114,2024-08-10 10:32:17,4v4,1,Land Nomad
1004166,2024-08-10 14:09:13,4v4,1,African Clearing
1004184,2024-08-10 15:08:03,4v4,0,Land Nomad
1004202,2024-08-10 15:40:22,4v4,0,African Clearing
1004257,2024-08-10 17:30:02,4v4,0,Land Nomad
1006923,2024-08-14 19:07:43,4v4,1,African Clearing
1006933,2024-08-14 19:43:15,4v4,0,Land Nomad
1007344,2024-08-15 10:50:36,4v4,1,African Clearing
1007348,2024-08-15 11:28:50,4v4,0,Land Nomad
1007366,2024-08-15 13:27:38,4v4,1,African Clearing
1007383,2024-08-15 14:02:08,4v4,0,Land Nomad
1007438,2024-08-15 16:36:54,4v4,1,African Clearing
1007448,2024-08-15 17:19:19,4v4,1,Land Nomad
1007471,2024-08-15 18:02:09,4v4,0,African Clearing
1007518,2024-08-15 20:28:05,4v4,1,Land Nomad
1007547,2024-08-15 21:05:13,4v4,0,African Clearing
1007562,2024-08-15 22:08:26,4v4,0,Land Nomad
1008801,2024-08-17 15:44:20,4v4,1,African Clearing
1008814,2024-08-17 16:24:09,4v4,0,Land Nomad
1008880,2024-08-17 20:06:40,4v4,0,African Clearing
1009284,2024-08-18 09:10:55,4v4,1,Land Nomad
1009301,2024-08-18 09:46:44,4v4,1,African Clearing
1009336,2024-08-18 10:50:51,4v4,1,Land Nomad
1009355,2024-08-18 12:43:06,4v4,0,African Clearing
1009358,2024-08-18 13:27:52,4v4,1,Land Nomad
1012492,2024-08-23 20:26:01,4v4,1,African Clearing
1012514,2024-08-23 21:22:33,4v4,0,Land Nomad
1013021,2024-08-24 16:57:42,4v4,0,African Clearing
1013044,2024-08-24 17:27:15,4v4,1,Land Nomad
1013580,2024-08-25 08:37:09,4v4,1,African Clearing
1013603,2024-08-25 09:24:48,4v4,0,Land Nomad
1013620,2024-08-25 10:09:38,4v4,0,African Clearing
1013643,2024-08-25 11:08:44,4v4,1,Land Nomad
1013673,2024-08-25 12:43:07,4v4,0,African Clearing
1013685,2024-08-25 13:28:01,4v4,1,Land Nomad
1013707,2024-08-25 13:48:45,4v4,0,African Clearing
1013711,2024-08-25 14:23:21,4v4,0,Land Nomad
1013774,2024-08-25 17:14:15,4v4,1,African Clearing
1013791,2024-08-25 17:55:57,4v4,0,Land Nomad
1016510,2024-08-30 19:31:06,4v4,1,African Clearing
1016529,2024-08-30 20:03:18,4v4,1,Land Nomad
1016548,2024-08-30 20:33:31,4v4,1,African Clearing
1016558,2024-08-30 21:10:57,4v4,0,Land Nomad
1016583,2024-08-30 21:54:23,4v4,1,African Clearing
1016605,2024-08-30 22:28:24,4v4,0,Land Nomad
1016996,2024-08-31 10:16:31,4v4,0,African Clearing
1017005,2024-08-31 11:13:52,4v4,1,Land Nomad
1017027,2024-08-31 11:56:50,4v4,0,African Clearing
1017054,2024-08-31 12:50:49,4v4,0,Land Nomad
1017066,2024-08-31 13:35:26,4v4,0,African Clearing
1017094,2024-08-31 14:06:06,4v4,1,Land Nomad
1017146,2024-08-31 16:27:36,4v4,1,African Clearing
1017165,2024-08-31 17:04:12,4v4,0,Land Nomad
1017179,2024-08-31 17:45:24,4v4,1,African Clearing
1017266,2024-08-31 19:34:09,4v4,0,Land Nomad
1017292,2024-08-31 20:17:42,4v4,1,African Clearing
1017320,2024-08-31 21:04:46,4v4,0,Land Nomad
1017356,2024-08-31 22:03:14,4v4,0,African Clearing
1017406,2024-08-31 22:51:02,4v4,1,Land Nomad
1017778,2024-09-01 09:25:30,4v4,0,African Clearing
1017801,2024-09-01 10:27:40,4v4,0,Land Nomad
1017812,2024-09-01 11:09:13,4v4,0,African Clearing
1017834,2024-09-01 12:08:17,4v4,0,Land Nomad
1017850,2024-09-01 12:48:12,4v4,1,African Clearing
1017862,2024-09-01 13:29:27,4v4,1,Land Nomad
1017880,2024-09-01 14:03:41,4v4,1,African Clearing
1018021,2024-09-01 19:23:33,4v4,1,Land Nomad
1018049,2024-09-01 19:54:02,4v4,1,African Clearing
1018067,2024-09-01 20:29:45,4v4,1,Land Nomad
1020479,2024-09-06 19:23:33,4v4,1,African Clearing
1020503,2024-09-06 20:16:39,4v4,1,Land Nomad
1020524,2024-09-06 21:13:12,4v4,1,African Clearing
1020565,2024-09-06 22:11:06,4v4,0,Land Nomad
1020863,2024-09-07 09:48:44,4v4,1,African Clearing
1020886,2024-09-07 10:42:50,4v4,1,Land Nomad
1020896,2024-09-07 11:33:51,4v4,1,African Clearing
1020935,2024-09-07 13:40:17,4v4,0,Land Nomad
1020942,2024-09-07 14:22:06,4v4,1,African Clearing
1020952,2024-09-07 14:58:45,4v4,0,Land Nomad
1021009,2024-09-07 17:28:58,4v4,1,African Clearing
1021042,2024-09-07 18:16:50,4v4,1,Land Nomad
1021090,2024-09-07 20:03:25,4v4,0,African Clearing
1021116,2024-09-07 20:48:40,4v4,0,Land Nomad
1021141,2024-09-07 21:13:03,4v4,1,African Clearing
1021155,2024-09-07 21:51:53,4v4,1,Land Nomad
1021171,2024-09-07 22:36:37,4v4,1,African Clearing
1021456,2024-09-08 09:39:32,4v4,0,Land Nomad
1021476,2024-09-08 10:21:58,4v4,1,African Clearing
1021510,2024-09-08 12:34:23,4v4,1,Land Nomad
1021519,2024-09-08 13:14:22,4v4,0,African Clearing
1021531,2024-09-08 13:36:15,4v4,0,Land Nomad
1021535,2024-09-08 14:20:29,4v4,0,African Clearing
1021551,2024-09-08 15:01:14,4v4,1,Land Nomad
1021567,2024-09-08 15:57:44,4v4,0,African Clearing
1024809,2024-09-13 19:01:34,4v4,1,Land Nomad
1024840,2024-09-13 19:25:24,4v4,0,African Clearing
1025498,2024-09-14 08:18:51,4v4,1,Land Nomad
1025529,2024-09-14 09:14:54,4v4,0,African Clearing
1025535,2024-09-14 09:48:13,4v4,1,Land Nomad
1025553,2024-09-14 10:28:50,4v4,0,African Clearing
1025575,2024-09-14 11:21:50,4v4,0,Land Nomad
1025596,2024-09-14 12:03:41,4v4,1,African Clearing
1025619,2024-09-14 12:41:47,4v4,1,Land Nomad
1025633,2024-09-14 13:14:07,4v4,0,African Clearing
1025793,2024-09-14 19:03:53,4v4,1,Land Nomad
1025810,2024-09-14 19:32:35,4v4,1,African Clearing
1026279,2024-09-15 09:15:02,4v4,0,Land Nomad
1026313,2024-09-15 10:13:18,4v4,0,African Clearing
1026331,2024-09-15 11:12:09,4v4,1,Land Nomad
1026366,2024-09-15 12:30:30,4v4,1,African Clearing
1026389,2024-09-15 13:06:11,4v4,1,Land Nomad
1026414,2024-09-15 13:47:04,4v4,0,African Clearing
1026456,2024-09-15 15:59:07,4v4,1,Land Nomad
1029192,2024-09-20 18:49:37,4v4,1,African Clearing
1029215,2024-09-20 19:26:33,4v4,1,Land Nomad
1029677,2024-09-21 09:33:24,4v4,1,African Clearing
1029727,2024-09-21 11:25:15,4v4,0,Land Nomad
1029794,2024-09-21 13:47:20,4v4,0,African Clearing
1029814,2024-09-21 14:52:00,4v4,0,Land Nomad
1029831,2024-09-21 15:19:58,4v4,1,African Clearing
1029859,2024-09-21 16:58:06,4v4,1,Land Nomad
1029880,2024-09-21 17:33:36,4v4,1,African Clearing
1029938,2024-09-21 19:28:01,4v4,0,Land Nomad
1029971,2024-09-21 20:15:46,4v4,0,African Clearing
1029999,2024-09-21 20:57:27,4v4,1,Land Nomad
1030349,2024-09-22 08:19:02,4v4,1,African Clearing
1030387,2024-09-22 08:41:32,4v4,0,Land Nomad
1030400,2024-09-22 09:17:28,4v4,0,African Clearing
1030426,2024-09-22 10:03:55,4v4,1,Land Nomad
1030462,2024-09-22 10:50:57,4v4,1,African Clearing
1030493,2024-09-22 11:34:01,4v4,1,Land Nomad
1030541,2024-09-22 12:32:56,4v4,1,African Clearing
1030569,2024-09-22 13:13:24,4v4,0,Land Nomad
1030591,2024-09-22 14:03:41,4v4,1,African Clearing
1030593,2024-09-22 13:42:57,4v4,1,African Clearing
1030620,2024-09-22 14:47:18,4v4,0,Land Nomad
1030644,2024-09-22 15:26:55,4v4,1,African Clearing
1030668,2024-09-22 16:20:37,4v4,1,Land Nomad
1035035,2024-09-29 09:01:18,4v4,0,African Clearing
1035072,2024-09-29 10:00:30,4v4,0,Land Nomad
1035101,2024-09-29 11:00:26,4v4,1,African Clearing
1035161,2024-09-29 12:52:58,4v4,0,Land Nomad
1035178,2024-09-29 13:27:47,4v4,1,African Clearing
1035197,2024-09-29 14:11:28,4v4,0,Land Nomad
1035223,2024-09-29 14:52:01,4v4,0,African Clearing
1035293,2024-09-29 17:36:38,4v4,0,Land Nomad
1035328,2024-09-29 18:05:16,4v4,1,African Clearing
1035341,2024-09-29 18:55:14,4v4,1,Land Nomad
1035374,2024-09-29 19:56:25,4v4,1,African Clearing
1035406,2024-09-29 20:37:25,4v4,0,Land Nomad
1038908,2024-10-05 19:46:27,4v4,0,African Clearing
1038927,2024-10-05 20:21:05,4v4,0,Land Nomad
1039444,2024-10-06 10:47:03,4v4,1,African Clearing
1039468,2024-10-06 11:54:14,4v4,0,Land Nomad
1039517,2024-10-06 14:44:47,4v4,0,African Clearing
1039675,2024-10-06 19:45:56,4v4,0,Land Nomad
1042384,2024-10-11 17:01:30,4v4,0,African Clearing
1042414,2024-10-11 17:26:00,4v4,1,Land Nomad
1042444,2024-10-11 18:46:22,4v4,0,African Clearing
1042462,2024-10-11 19:38:21,4v4,0,Land Nomad
1042481,2024-10-11 20:12:59,4v4,1,African Clearing
1042512,2024-10-11 20:53:33,4v4,0,Land Nomad
1042934,2024-10-12 09:52:19,4v4,1,African Clearing
1042960,2024-10-12 10:27:03,4v4,1,Land Nomad
1042976,2024-10-12 10:48:07,4v4,1,African Clearing
1042983,2024-10-12 11:29:25,4v4,0,Land Nomad
1043040,2024-10-12 13:44:15,4v4,1,African Clearing
1043067,2024-10-12 14:56:55,4v4,1,Land Nomad
1043100,2024-10-12 16:00:27,4v4,0,African Clearing
1043127,2024-10-12 16:45:42,4v4,0,Land Nomad
1043187,2024-10-12 18:00:19,4v4,0,African Clearing
1043244,2024-10-12 19:57:51,4v4,1,Land Nomad
1043282,2024-10-12 20:35:57,4v4,1,African Clearing
1043300,2024-10-12 21:18:32,4v4,0,Land Nomad
1043669,2024-10-13 08:44:24,4v4,0,African Clearing
1043722,2024-10-13 09:50:18,4v4,0,Land Nomad
1043739,2024-10-13 10:32:08,4v4,0,African Clearing
1043769,2024-10-13 11:35:50,4v4,1,Land Nomad
1043795,2024-10-13 12:23:24,4v4,1,African Clearing
1043811,2024-10-13 13:00:07,4v4,1,Land Nomad
1043826,2024-10-13 13:48:15,4v4,0,African Clearing
1043842,2024-10-13 14:23:01,4v4,0,Land Nomad
1043875,2024-10-13 15:15:07,4v4,0,African Clearing
1043902,2024-10-13 16:04:29,4v4,1,Land Nomad
1044031,2024-10-13 19:32:19,4v4,NULL,African Clearing
1044037,2024-10-13 20:04:33,4v4,1,Land Nomad
1044050,2024-10-13 20:36:43,4v4,0,African Clearing
1045037,2024-10-15 10:12:54,4v4,1,Land Nomad
1045042,2024-10-15 10:42:26,4v4,0,African Clearing
1045115,2024-10-15 15:48:40,4v4,1,Land Nomad
1045127,2024-10-15 16:31:28,4v4,1,African Clearing
1045170,2024-10-15 18:33:40,4v4,0,Land Nomad
1045182,2024-10-15 18:59:58,4v4,1,African Clearing
1045196,2024-10-15 19:35:06,4v4,1,Land Nomad
1045702,2024-10-16 16:51:42,4v4,0,African Clearing
1045767,2024-10-16 19:54:06,4v4,1,Land Nomad
1045777,2024-10-16 20:31:36,4v4,1,African Clearing
1046220,2024-10-17 16:48:46,4v4,0,Land Nomad
1046818,2024-10-18 17:16:43,4v4,0,African Clearing
1046869,2024-10-18 19:25:46,4v4,1,Land Nomad
1046883,2024-10-18 20:09:19,4v4,1,African Clearing
1046902,2024-10-18 21:23:39,4v4,0,Land Nomad
1047395,2024-10-19 07:44:16,4v4,0,African Clearing
1047405,2024-10-19 08:16:35,4v4,0,Land Nomad
1047433,2024-10-19 09:16:46,4v4,1,African Clearing
1047526,2024-10-19 12:53:59,4v4,0,Land Nomad
1047553,2024-10-19 13:24:44,4v4,1,African Clearing
1047647,2024-10-19 16:21:34,4v4,0,Land Nomad
1047674,2024-10-19 16:53:26,4v4,1,African Clearing
1047693,2024-10-19 17:15:51,4v4,1,Land Nomad
1047724,2024-10-19 18:55:48,4v4,1,African Clearing
1047773,2024-10-19 19:37:48,4v4,1,Land Nomad
1047800,2024-10-19 20:13:31,4v4,1,African Clearing
1047835,2024-10-19 20:48:17,4v4,1,Land Nomad
1047876,2024-10-19 21:26:46,4v4,0,African Clearing
1047899,2024-10-19 22:22:35,4v4,0,Land Nomad
1048301,2024-10-20 07:18:36,4v4,0,African Clearing
1048319,2024-10-20 08:18:55,4v4,NULL,Land Nomad
1048347,2024-10-20 09:32:24,4v4,0,African Clearing
1048427,2024-10-20 11:40:59,4v4,0,Land Nomad
1048465,2024-10-20 13:07:27,4v4,1,African Clearing
1048480,2024-10-20 13:50:05,4v4,0,Land Nomad
1048501,2024-10-20 14:28:13,4v4,1,African Clearing
1048529,2024-10-20 15:15:29,4v4,0,Land Nomad
1048564,2024-10-20 15:53:17,4v4,1,African Clearing
1051980,2024-10-25 17:02:04,4v4,0,Land Nomad
1051997,2024-10-25 17:40:28,4v4,1,African Clearing
1052034,2024-10-25 18:58:49,4v4,1,Land Nomad
1052073,2024-10-25 19:48:38,4v4,0,African Clearing
1052098,2024-10-25 20:31:26,4v4,0,Land Nomad
1052134,2024-10-25 21:15:53,4v4,1,African Clearing
1052558,2024-10-26 08:17:38,4v4,1,Land Nomad
1052582,2024-10-26 09:06:51,4v4,0,African Clearing
1052602,2024-10-26 10:01:29,4v4,1,Land Nomad
1052623,2024-10-26 10:42:10,4v4,1,African Clearing
1052636,2024-10-26 11:13:43,4v4,1,Land Nomad
1052702,2024-10-26 13:50:33,4v4,0,African Clearing
1052733,2024-10-26 14:46:05,4v4,0,Land Nomad
1052808,2024-10-26 16:59:46,4v4,1,African Clearing
1052842,2024-10-26 17:56:03,4v4,0,Land Nomad
1052918,2024-10-26 19:50:54,4v4,0,African Clearing
1052948,2024-10-26 20:17:17,4v4,1,Land Nomad
1052965,2024-10-26 20:53:23,4v4,1,African Clearing
1052991,2024-10-26 21:52:36,4v4,0,Land Nomad
1053419,2024-10-27 07:38:26,4v4,0,African Clearing
1053449,2024-10-27 08:26:25,4v4,0,Land Nomad
1053463,2024-10-27 09:26:03,4v4,1,African Clearing
1053548,2024-10-27 12:35:55,4v4,0,Land Nomad
1053564,2024-10-27 13:20:04,4v4,0,African Clearing
1053587,2024-10-27 14:13:34,4v4,1,Land Nomad
1053618,2024-10-27 15:07:07,4v4,0,African Clearing
1053817,2024-10-27 19:57:38,4v4,0,Land Nomad
1055249,2024-10-29 19:37:26,4v4,1,African Clearing
1055267,2024-10-29 20:24:53,4v4,0,Land Nomad
1055287,2024-10-29 20:51:36,4v4,0,African Clearing
1055311,2024-10-29 21:09:44,4v4,0,Land Nomad
1055326,2024-10-29 21:50:34,4v4,0,African Clearing
1055771,2024-10-30 08:11:55,4v4,0,Land Nomad
1055794,2024-10-30 08:54:09,4v4,1,African Clearing
1055891,2024-10-30 12:51:47,4v4,1,Land Nomad
1055906,2024-10-30 13:28:28,4v4,1,African Clearing
1055949,2024-10-30 16:04:04,4v4,0,Land Nomad
1056025,2024-10-30 19:07:17,4v4,0,African Clearing
1056049,2024-10-30 19:47:03,4v4,1,Land Nomad
1056073,2024-10-30 20:21:53,4v4,1,African Clearing
1056096,2024-10-30 21:09:30,4v4,0,Land Nomad
1056128,2024-10-30 22:04:21,4v4,1,African Clearing
1056163,2024-10-30 22:42:48,4v4,1,Land Nomad
1056187,2024-10-30 23:32:55,4v4,0,African Clearing
1056693,2024-10-31 15:00:30,4v4,0,Land Nomad
1056701,2024-10-31 15:25:43,4v4,1,African Clearing
1056829,2024-10-31 18:56:07,4v4,1,Land Nomad
1056877,2024-10-31 19:50:24,4v4,0,African Clearing
1056901,2024-10-31 20:27:14,4v4,1,Land Nomad
1057278,2024-11-01 08:19:04,4v4,0,African Clearing
1057285,2024-11-01 08:51:37,4v4,0,Land Nomad
1057294,2024-11-01 09:53:04,4v4,0,African Clearing
1057327,2024-11-01 10:46:15,4v4,1,Land Nomad
1057356,2024-11-01 12:09:38,4v4,0,African Clearing
1057376,2024-11-01 12:44:46,4v4,0,African Clearing
1057409,2024-11-01 13:32:08,4v4,0,Land Nomad
1057516,2024-11-01 16:52:41,4v4,0,African Clearing
1057610,2024-11-01 19:21:32,4v4,1,Land Nomad
1057656,2024-11-01 20:31:56,4v4,1,African Clearing
1057696,2024-11-01 21:22:12,4v4,1,Land Nomad
1058329,2024-11-02 12:44:56,4v4,0,Land Nomad
1058347,2024-11-02 13:18:59,4v4,0,African Clearing
1058360,2024-11-02 14:03:52,4v4,0,Land Nomad
1058499,2024-11-02 18:33:13,4v4,1,African Clearing
1058513,2024-11-02 19:21:06,4v4,0,Land Nomad
1058543,2024-11-02 19:54:39,4v4,1,African Clearing
1058572,2024-11-02 21:00:40,4v4,0,Land Nomad
1059004,2024-11-03 07:56:36,4v4,0,African Clearing
1059040,2024-11-03 08:34:50,4v4,1,Land Nomad
1059059,2024-11-03 09:32:14,4v4,1,African Clearing
1059087,2024-11-03 10:18:22,4v4,0,Land Nomad
1059112,2024-11-03 11:07:50,4v4,1,African Clearing
1059130,2024-11-03 12:03:11,4v4,1,Land Nomad
1059152,2024-11-03 12:50:21,4v4,0,African Clearing
1059178,2024-11-03 13:42:20,4v4,0,Land Nomad
1059202,2024-11-03 14:00:22,4v4,0,African Clearing
1059219,2024-11-03 14:35:31,4v4,1,Land Nomad
1059242,2024-11-03 15:18:58,4v4,0,African Clearing
1059275,2024-11-03 16:03:58,4v4,1,Land Nomad
1059304,2024-11-03 16:37:20,4v4,0,African Clearing
1059324,2024-11-03 17:20:25,4v4,1,Land Nomad
1059354,2024-11-03 17:52:47,4v4,0,African Clearing
1059373,2024-11-03 18:49:27,4v4,1,Land Nomad
1059407,2024-11-03 20:02:44,4v4,0,African Clearing
1059437,2024-11-03 20:36:29,4v4,1,Land Nomad
1059460,2024-11-03 21:25:47,4v4,1,African Clearing
1062633,2024-11-08 19:30:20,4v4,1,Land Nomad
1062653,2024-11-08 20:13:27,4v4,1,African Clearing
1063295,2024-11-09 10:51:16,4v4,1,Land Nomad
1063305,2024-11-09 11:31:38,4v4,1,African Clearing
1063316,2024-11-09 12:06:17,4v4,1,Land Nomad
1063354,2024-11-09 13:43:15,4v4,1,African Clearing
1063382,2024-11-09 14:33:28,4v4,0,Land Nomad
1063398,2024-11-09 15:30:13,4v4,0,African Clearing
1063505,2024-11-09 18:40:03,4v4,1,Land Nomad
1063545,2024-11-09 19:33:22,4v4,0,African Clearing
1063599,2024-11-09 20:09:18,4v4,1,African Clearing
1063637,2024-11-09 20:42:52,4v4,1,Land Nomad
1063670,2024-11-09 21:35:20,4v4,1,African Clearing
1064128,2024-11-10 08:22:53,4v4,0,Land Nomad
1064155,2024-11-10 09:03:38,4v4,0,African Clearing
1064184,2024-11-10 09:45:10,4v4,0,Land Nomad
1064206,2024-11-10 10:17:03,4v4,1,African Clearing
1064229,2024-11-10 10:43:24,4v4,1,Land Nomad
1064238,2024-11-10 11:15:16,4v4,1,African Clearing
1064253,2024-11-10 12:14:46,4v4,0,Land Nomad
1064277,2024-11-10 12:40:51,4v4,1,African Clearing
1064295,2024-11-10 13:07:04,4v4,1,African Clearing
1064319,2024-11-10 13:46:55,4v4,1,Land Nomad
1064445,2024-11-10 17:46:55,4v4,1,African Clearing
1064491,2024-11-10 18:21:57,4v4,1,Land Nomad
1064524,2024-11-10 19:00:01,4v4,1,African Clearing
1064568,2024-11-10 20:33:45,4v4,0,Land Nomad
1067261,2024-11-15 17:50:39,4v4,1,African Clearing
1067294,2024-11-15 19:26:34,4v4,0,Land Nomad
1067314,2024-11-15 20:02:51,4v4,1,African Clearing
1067343,2024-11-15 20:49:01,4v4,1,Land Nomad
1067367,2024-11-15 21:19:36,4v4,0,African Clearing
1067800,2024-11-16 07:39:04,4v4,0,Land Nomad
1067819,2024-11-16 08:24:56,4v4,0,African Clearing
1067832,2024-11-16 09:07:51,4v4,0,Land Nomad
1067861,2024-11-16 09:47:16,4v4,0,African Clearing
1067882,2024-11-16 10:35:01,4v4,0,Land Nomad
1067916,2024-11-16 11:15:49,4v4,0,African Clearing
1067942,2024-11-16 11:58:12,4v4,1,Land Nomad
1067989,2024-11-16 14:30:58,4v4,1,African Clearing
1068025,2024-11-16 15:48:32,4v4,1,Land Nomad
1068047,2024-11-16 16:14:32,4v4,1,African Clearing
1068075,2024-11-16 17:01:43,4v4,0,Land Nomad
1068091,2024-11-16 17:54:51,4v4,0,African Clearing
1068121,2024-11-16 18:48:46,4v4,0,Land Nomad
1068167,2024-11-16 20:00:20,4v4,1,African Clearing
1068197,2024-11-16 20:54:30,4v4,0,Land Nomad
1068225,2024-11-16 21:25:12,4v4,1,African Clearing
1068247,2024-11-16 22:04:51,4v4,0,Land Nomad
1068268,2024-11-16 23:01:21,4v4,1,African Clearing
1068627,2024-11-17 10:04:52,4v4,1,African Clearing
1068639,2024-11-17 11:02:23,4v4,1,Land Nomad
1068686,2024-11-17 11:43:46,4v4,0,African Clearing
1068691,2024-11-17 12:23:51,4v4,1,Land Nomad
1068710,2024-11-17 13:02:11,4v4,0,African Clearing
1068711,2024-11-17 13:07:21,4v4,0,African Clearing
1068723,2024-11-17 14:02:08,4v4,1,Land Nomad
1068754,2024-11-17 14:31:12,4v4,1,Land Nomad
1068769,2024-11-17 14:59:59,4v4,0,African Clearing
1068784,2024-11-17 15:32:35,4v4,0,Land Nomad
1068805,2024-11-17 16:17:21,4v4,1,African Clearing
1068829,2024-11-17 17:23:23,4v4,1,Land Nomad
1068872,2024-11-17 19:17:56,4v4,1,African Clearing
1068908,2024-11-17 20:13:24,4v4,0,Land Nomad
1068925,2024-11-17 20:58:29,4v4,0,African Clearing
1072580,2024-11-23 08:35:46,4v4,1,Land Nomad
1072605,2024-11-23 09:14:48,4v4,1,African Clearing
1072629,2024-11-23 10:06:04,4v4,0,Land Nomad
1072676,2024-11-23 12:09:59,4v4,0,African Clearing
1072701,2024-11-23 13:12:13,4v4,0,African Clearing
1072725,2024-11-23 13:59:35,4v4,NULL,Land Nomad
1072883,2024-11-23 18:39:20,4v4,1,African Clearing
1072904,2024-11-23 19:19:26,4v4,1,Land Nomad
1072925,2024-11-23 19:51:50,4v4,1,African Clearing
1072943,2024-11-23 20:35:25,4v4,0,Land Nomad
1072970,2024-11-23 21:07:44,4v4,0,African Clearing
1072999,2024-11-23 21:50:55,4v4,1,Land Nomad
1073044,2024-11-23 22:25:50,4v4,0,African Clearing
1073084,2024-11-23 23:17:34,4v4,0,Land Nomad
1073520,2024-11-24 08:50:04,4v4,0,African Clearing
1073556,2024-11-24 09:48:21,4v4,1,Land Nomad
1073579,2024-11-24 10:38:27,4v4,1,African Clearing
1073607,2024-11-24 11:55:50,4v4,1,Land Nomad
1073638,2024-11-24 13:07:22,4v4,1,African Clearing
1073672,2024-11-24 14:02:18,4v4,0,Land Nomad
1076878,2024-11-29 18:32:09,4v4,1,Land Nomad
1076906,2024-11-29 19:20:00,4v4,1,Land Nomad
1076918,2024-11-29 19:55:24,4v4,1,Land Nomad
1076945,2024-11-29 21:19:06,4v4,1,Land Nomad
1076990,2024-11-29 22:00:03,4v4,1,Land Nomad
1077319,2024-11-30 08:07:57,4v4,0,Land Nomad
1077353,2024-11-30 09:06:21,4v4,0,Land Nomad
1077386,2024-11-30 10:21:26,4v4,0,Land Nomad
1077468,2024-11-30 13:57:18,4v4,0,Land Nomad
1077485,2024-11-30 14:37:27,4v4,1,Land Nomad
1077578,2024-11-30 17:41:02,4v4,0,Land Nomad
1077589,2024-11-30 18:23:29,4v4,0,Land Nomad
1077600,2024-11-30 19:15:37,4v4,1,Land Nomad
1077623,2024-11-30 19:49:54,4v4,0,Land Nomad
1077647,2024-11-30 20:25:18,4v4,0,Land Nomad
1077670,2024-11-30 20:57:13,4v4,1,Land Nomad
1077699,2024-11-30 21:33:33,4v4,1,Land Nomad
1078198,2024-12-01 09:00:10,4v4,1,Land Nomad
1078221,2024-12-01 10:24:49,4v4,1,Land Nomad
1078268,2024-12-01 11:03:06,4v4,0,Land Nomad
1078278,2024-12-01 11:43:19,4v4,1,Land Nomad
1078288,2024-12-01 12:28:37,4v4,1,Land Nomad
1078293,2024-12-01 12:55:28,4v4,0,Land Nomad
1078321,2024-12-01 13:31:49,4v4,0,Land Nomad
1078343,2024-12-01 14:19:01,4v4,0,Land Nomad
1078376,2024-12-01 15:03:50,4v4,1,Land Nomad
1078541,2024-12-01 19:06:10,4v4,0,Land Nomad
1078579,2024-12-01 19:51:06,4v4,0,Land Nomad
1078633,2024-12-01 20:34:07,4v4,0,Land Nomad
1082018,2024-12-07 08:16:55,4v4,0,Land Nomad
1082043,2024-12-07 08:36:34,4v4,0,Land Nomad
1082062,2024-12-07 09:56:27,4v4,0,Land Nomad
1082085,2024-12-07 10:52:25,4v4,1,Land Nomad
1082099,2024-12-07 11:36:44,4v4,0,Land Nomad
1082133,2024-12-07 12:44:13,4v4,1,Land Nomad
1082336,2024-12-07 19:07:33,4v4,1,Land Nomad
1082414,2024-12-07 20:43:39,4v4,0,Land Nomad
1082434,2024-12-07 21:42:11,4v4,1,Land Nomad
1082842,2024-12-08 08:54:44,4v4,1,Land Nomad
1082881,2024-12-08 10:35:08,4v4,0,Land Nomad
1082890,2024-12-08 11:18:23,4v4,0,Land Nomad
1082925,2024-12-08 13:40:07,4v4,1,Land Nomad
1082949,2024-12-08 14:28:09,4v4,0,Land Nomad
1082975,2024-12-08 15:04:55,4v4,1,Land Nomad
1082990,2024-12-08 15:46:23,4v4,0,Land Nomad
1083021,2024-12-08 16:31:44,4v4,0,Land Nomad
1083046,2024-12-08 17:10:07,4v4,1,Land Nomad
1083083,2024-12-08 17:54:29,4v4,1,Land Nomad
1083139,2024-12-08 19:55:28,4v4,0,Land Nomad
1083177,2024-12-08 20:54:40,4v4,0,Land Nomad
1085783,2024-12-13 20:35:41,4v4,1,Land Nomad
1085796,2024-12-13 21:20:46,4v4,0,Land Nomad
1086104,2024-12-14 08:32:00,4v4,1,Land Nomad
1086120,2024-12-14 09:33:48,4v4,0,Land Nomad
1086145,2024-12-14 10:14:21,4v4,1,Land Nomad
1086152,2024-12-14 10:52:25,4v4,0,Land Nomad
1086243,2024-12-14 15:22:02,4v4,1,Land Nomad
1086328,2024-12-14 18:16:00,4v4,0,Land Nomad
1086397,2024-12-14 19:59:47,4v4,1,Land Nomad
1086430,2024-12-14 20:55:01,4v4,1,Land Nomad
1086468,2024-12-14 22:03:36,4v4,0,Land Nomad
1086792,2024-12-15 07:36:56,4v4,0,Land Nomad
1086806,2024-12-15 08:16:43,4v4,1,Land Nomad
1086818,2024-12-15 08:40:38,4v4,1,Land Nomad
1086824,2024-12-15 09:26:51,4v4,1,Land Nomad
1086888,2024-12-15 13:42:22,4v4,1,Land Nomad
1086926,2024-12-15 15:11:18,4v4,1,Land Nomad
1086966,2024-12-15 16:12:58,4v4,0,Land Nomad
1087003,2024-12-15 17:04:15,4v4,0,Land Nomad
1087019,2024-12-15 17:51:59,4v4,1,Land Nomad
1087066,2024-12-15 19:15:17,4v4,0,Land Nomad
1087091,2024-12-15 19:48:45,4v4,1,Land Nomad
1087105,2024-12-15 20:27:10,4v4,1,Land Nomad
1090369,2024-12-21 14:13:57,4v4,0,Land Nomad
1090389,2024-12-21 14:46:37,4v4,0,Land Nomad
1090400,2024-12-21 15:23:16,4v4,1,Land Nomad
1090415,2024-12-21 16:07:58,4v4,0,Land Nomad
1090435,2024-12-21 17:06:55,4v4,1,Land Nomad
1090461,2024-12-21 17:45:48,4v4,0,Land Nomad
1090497,2024-12-21 18:29:38,4v4,1,Land Nomad
1090565,2024-12-21 19:50:51,4v4,1,Land Nomad
1090588,2024-12-21 20:27:22,4v4,0,Land Nomad
1090965,2024-12-22 06:06:33,4v4,1,Land Nomad
1090983,2024-12-22 07:14:30,4v4,0,Land Nomad
1091003,2024-12-22 08:10:53,4v4,1,Land Nomad
1091015,2024-12-22 08:52:59,4v4,1,Land Nomad
1091031,2024-12-22 09:39:57,4v4,1,Land Nomad
1091057,2024-12-22 10:23:39,4v4,1,Land Nomad
1091073,2024-12-22 11:20:27,4v4,1,Land Nomad
1091085,2024-12-22 11:56:45,4v4,0,Land Nomad
1091101,2024-12-22 12:36:48,4v4,0,Land Nomad
1091117,2024-12-22 13:14:18,4v4,0,Land Nomad
1091138,2024-12-22 14:14:17,4v4,1,Land Nomad
1091156,2024-12-22 14:58:59,4v4,1,Land Nomad
1092463,2024-12-24 19:19:10,4v4,0,Land Nomad
1092479,2024-12-24 19:53:31,4v4,NULL,Land Nomad
1092496,2024-12-24 20:36:06,4v4,1,Land Nomad
1092517,2024-12-24 21:04:45,4v4,0,Land Nomad
1092537,2024-12-24 21:58:52,4v4,0,Land Nomad
1092954,2024-12-25 08:36:08,4v4,0,Land Nomad
1092976,2024-12-25 09:21:56,4v4,1,Land Nomad
1093006,2024-12-25 09:51:47,4v4,1,Land Nomad
1093040,2024-12-25 10:52:44,4v4,0,Land Nomad
1093183,2024-12-25 14:52:30,4v4,1,Land Nomad
1093225,2024-12-25 16:53:00,4v4,0,Land Nomad
1093245,2024-12-25 17:19:03,4v4,0,Land Nomad
1093252,2024-12-25 18:01:39,4v4,1,Land Nomad
1093285,2024-12-25 18:56:46,4v4,1,Land Nomad
1093300,2024-12-25 20:09:29,4v4,0,Land Nomad
1093322,2024-12-25 20:52:12,4v4,1,Land Nomad
1093346,2024-12-25 21:02:37,4v4,1,Land Nomad
1093347,2024-12-25 21:42:07,4v4,0,Land Nomad
1093797,2024-12-26 13:37:13,4v4,0,Land Nomad
1094597,2024-12-27 17:39:47,4v4,0,Land Nomad
1094616,2024-12-27 18:16:51,4v4,1,Land Nomad
1094662,2024-12-27 20:08:40,4v4,0,Land Nomad
1094678,2024-12-27 20:47:32,4v4,1,Land Nomad
1094699,2024-12-27 21:29:30,4v4,0,Land Nomad
1094713,2024-12-27 22:22:57,4v4,0,Land Nomad
1095080,2024-12-28 07:44:06,4v4,0,Land Nomad
1095090,2024-12-28 08:31:33,4v4,1,Land Nomad
1095113,2024-12-28 09:18:16,4v4,0,Land Nomad
1095123,2024-12-28 09:49:42,4v4,1,Land Nomad
1095128,2024-12-28 10:30:58,4v4,1,Land Nomad
1095148,2024-12-28 11:55:02,4v4,0,Land Nomad
1095175,2024-12-28 12:38:18,4v4,1,Land Nomad
1095189,2024-12-28 13:16:00,4v4,0,Land Nomad
1095205,2024-12-28 13:56:46,4v4,1,Land Nomad
1095228,2024-12-28 14:56:49,4v4,1,Land Nomad
1095303,2024-12-28 17:47:15,4v4,1,Land Nomad
1095320,2024-12-28 18:19:09,4v4,1,Land Nomad
1095328,2024-12-28 19:13:37,4v4,1,Land Nomad
1095351,2024-12-28 19:47:21,4v4,0,Land Nomad
1095363,2024-12-28 20:23:20,4v4,1,Land Nomad
1095385,2024-12-28 20:57:30,4v4,1,Land Nomad
1095698,2024-12-29 08:43:00,4v4,1,Land Nomad
1095726,2024-12-29 09:28:48,4v4,0,Land Nomad
1095747,2024-12-29 10:12:32,4v4,0,Land Nomad
1095753,2024-12-29 10:49:01,4v4,1,Land Nomad
1095773,2024-12-29 12:33:17,4v4,1,Land Nomad
1095785,2024-12-29 13:12:06,4v4,1,Land Nomad
1095805,2024-12-29 14:03:01,4v4,0,Land Nomad
1095915,2024-12-29 18:36:53,4v4,0,Land Nomad
1097382,2024-12-31 17:08:38,4v4,1,Land Nomad
1097401,2024-12-31 17:59:53,4v4,0,Land Nomad
1097430,2024-12-31 18:35:52,4v4,0,Land Nomad
1097450,2024-12-31 19:52:56,4v4,0,Land Nomad
1097478,2024-12-31 20:37:37,4v4,1,Land Nomad
1097514,2024-12-31 21:39:06,4v4,0,Land Nomad
1097870,2025-01-01 10:07:28,4v4,0,Land Nomad
1097948,2025-01-01 12:50:38,4v4,1,Land Nomad
1097956,2025-01-01 13:20:36,4v4,1,Land Nomad
1097963,2025-01-01 13:58:45,4v4,0,Land Nomad
1097981,2025-01-01 14:59:52,4v4,1,Land Nomad
1098014,2025-01-01 15:57:52,4v4,0,Land Nomad
1098026,2025-01-01 16:35:18,4v4,0,Land Nomad
1098037,2025-01-01 17:33:30,4v4,0,Land Nomad
1099650,2025-01-03 19:25:48,4v4,1,Land Nomad
1099678,2025-01-03 20:31:21,4v4,1,Land Nomad
1100246,2025-01-04 10:25:48,4v4,1,Land Nomad
1100298,2025-01-04 12:46:47,4v4,1,Land Nomad
1100308,2025-01-04 13:23:20,4v4,1,Land Nomad
1100316,2025-01-04 14:21:47,4v4,1,Land Nomad
1100345,2025-01-04 15:25:04,4v4,1,Land Nomad
1100392,2025-01-04 16:35:04,4v4,0,Land Nomad
1100410,2025-01-04 17:04:00,4v4,1,Land Nomad
1100420,2025-01-04 17:42:29,4v4,0,Land Nomad
1100446,2025-01-04 17:53:28,4v4,1,Land Nomad
1100449,2025-01-04 18:37:05,4v4,0,Land Nomad
1100479,2025-01-04 19:21:54,4v4,1,Land Nomad
1100528,2025-01-04 20:07:15,4v4,0,Land Nomad
1100558,2025-01-04 20:52:44,4v4,1,Land Nomad
1100586,2025-01-04 21:36:44,4v4,1,Land Nomad
1100975,2025-01-05 09:01:57,4v4,0,Land Nomad
1100987,2025-01-05 09:47:39,4v4,1,Land Nomad
1101013,2025-01-05 10:48:31,4v4,0,Land Nomad
1101059,2025-01-05 12:45:49,4v4,0,Land Nomad
1101068,2025-01-05 13:27:43,4v4,1,Land Nomad
1101090,2025-01-05 14:07:20,4v4,0,Land Nomad
1101107,2025-01-05 14:44:44,4v4,1,Land Nomad
1101127,2025-01-05 15:27:08,4v4,0,Land Nomad
1101179,2025-01-05 16:54:32,4v4,1,Land Nomad
1101197,2025-01-05 17:51:28,4v4,0,Land Nomad
1104194,2025-01-10 19:59:07,4v4,1,Land Nomad
1104683,2025-01-11 11:39:42,4v4,1,Land Nomad
1104711,2025-01-11 13:11:36,4v4,0,Land Nomad
1104747,2025-01-11 13:41:25,4v4,0,Land Nomad
1104882,2025-01-11 19:12:29,4v4,0,Land Nomad
1104907,2025-01-11 19:34:38,4v4,0,Land Nomad
1104919,2025-01-11 19:44:45,4v4,0,Land Nomad
1104924,2025-01-11 20:12:51,4v4,1,Land Nomad
1105351,2025-01-12 08:47:47,4v4,1,Land Nomad
1105366,2025-01-12 09:13:34,4v4,0,Land Nomad
1105376,2025-01-12 10:06:18,4v4,0,Land Nomad
1105452,2025-01-12 12:36:02,4v4,1,Land Nomad
1105722,2025-01-12 19:09:01,4v4,1,Land Nomad
1106701,2025-01-14 14:31:48,4v4,0,Land Nomad
1106837,2025-01-14 21:15:43,4v4,0,Land Nomad
1108859,2025-01-18 09:45:50,4v4,1,Land Nomad
1108867,2025-01-18 10:25:50,4v4,1,Land Nomad
1108948,2025-01-18 13:48:42,4v4,0,Land Nomad
1108971,2025-01-18 14:34:31,4v4,0,Land Nomad
1108996,2025-01-18 15:12:00,4v4,1,Land Nomad
1109548,2025-01-19 08:33:34,4v4,0,Land Nomad
1109561,2025-01-19 09:11:58,4v4,0,Land Nomad
1109571,2025-01-19 10:07:38,4v4,0,Land Nomad
1109600,2025-01-19 12:05:19,4v4,0,Land Nomad
1109610,2025-01-19 12:42:10,4v4,1,Land Nomad
1109617,2025-01-19 13:23:12,4v4,1,Land Nomad
1109627,2025-01-19 14:14:23,4v4,1,Land Nomad
1109678,2025-01-19 16:40:40,4v4,1,Land Nomad
1109700,2025-01-19 17:12:19,4v4,0,Land Nomad
1109765,2025-01-19 19:35:19,4v4,1,Land Nomad
1109828,2025-01-19 20:39:33,4v4,0,Land Nomad
1109858,2025-01-19 21:28:59,4v4,0,Land Nomad
1112518,2025-01-24 19:47:23,4v4,0,Land Nomad
1112554,2025-01-24 20:31:27,4v4,0,Land Nomad
1112581,2025-01-24 21:19:27,4v4,0,Land Nomad
1113010,2025-01-25 09:36:04,4v4,1,Land Nomad
1113026,2025-01-25 10:13:09,4v4,1,Land Nomad
1113038,2025-01-25 10:55:19,4v4,0,Land Nomad
1113057,2025-01-25 11:47:16,4v4,1,Land Nomad
1113073,2025-01-25 12:45:28,4v4,0,Land Nomad
1113089,2025-01-25 13:37:14,4v4,0,Land Nomad
1113113,2025-01-25 13:41:31,4v4,0,Land Nomad
1113114,2025-01-25 14:20:00,4v4,0,Land Nomad
1113410,2025-01-25 21:16:25,4v4,0,Land Nomad
1113447,2025-01-25 22:06:17,4v4,0,Land Nomad
1114053,2025-01-26 09:56:29,4v4,0,Land Nomad
1114076,2025-01-26 10:40:39,4v4,1,Land Nomad
1114098,2025-01-26 11:29:31,4v4,0,Land Nomad
1114159,2025-01-26 14:15:45,4v4,0,Land Nomad
1117664,2025-01-31 17:13:54,4v4,0,Land Nomad
1117685,2025-01-31 17:52:13,4v4,0,Land Nomad
1117760,2025-01-31 19:41:30,4v4,0,Land Nomad
1117787,2025-01-31 20:17:52,4v4,1,Land Nomad
1117810,2025-01-31 20:47:51,4v4,1,Land Nomad
1117833,2025-01-31 21:56:48,4v4,1,Land Nomad
1118315,2025-02-01 11:40:08,4v4,0,Land Nomad
1118343,2025-02-01 13:07:53,4v4,0,Land Nomad
1118355,2025-02-01 13:42:07,4v4,1,Land Nomad
1118476,2025-02-01 17:57:32,4v4,1,Land Nomad
1118501,2025-02-01 18:41:12,4v4,1,Land Nomad
1118542,2025-02-01 19:42:50,4v4,1,Land Nomad
1118562,2025-02-01 20:26:29,4v4,0,Land Nomad
1118589,2025-02-01 21:05:19,4v4,1,Land Nomad
1118607,2025-02-01 21:43:41,4v4,1,Land Nomad
1118632,2025-02-01 22:37:01,4v4,0,Land Nomad
1118687,2025-02-01 23:45:17,4v4,1,Land Nomad
1119048,2025-02-02 08:55:52,4v4,0,Land Nomad
1119064,2025-02-02 09:45:38,4v4,1,Land Nomad
1119088,2025-02-02 10:45:26,4v4,1,Land Nomad
1119105,2025-02-02 12:16:41,4v4,1,Land Nomad
1119115,2025-02-02 12:59:56,4v4,0,Land Nomad
1119142,2025-02-02 13:50:54,4v4,1,Land Nomad
1119167,2025-02-02 14:26:01,4v4,0,Land Nomad
1119235,2025-02-02 17:08:05,4v4,1,Land Nomad
1119349,2025-02-02 20:20:36,4v4,0,Land Nomad
1122206,2025-02-07 19:39:35,4v4,0,Land Nomad
1122234,2025-02-07 20:14:04,4v4,0,Land Nomad
1122251,2025-02-07 20:53:17,4v4,0,Land Nomad
1122725,2025-02-08 08:43:38,4v4,0,Land Nomad
1122746,2025-02-08 09:25:21,4v4,1,Land Nomad
1122758,2025-02-08 10:17:01,4v4,0,Land Nomad
1122782,2025-02-08 10:54:09,4v4,1,Land Nomad
1122836,2025-02-08 14:00:29,4v4,1,Land Nomad
1122857,2025-02-08 14:55:39,4v4,0,Land Nomad
1123579,2025-02-09 08:51:55,4v4,0,Land Nomad
1123604,2025-02-09 09:55:41,4v4,1,Land Nomad
1123626,2025-02-09 10:42:33,4v4,0,Land Nomad
1123649,2025-02-09 11:23:24,4v4,1,Land Nomad
1123678,2025-02-09 12:09:23,4v4,0,Land Nomad
1123701,2025-02-09 12:50:58,4v4,0,Land Nomad
1123716,2025-02-09 13:28:45,4v4,1,Land Nomad
1123729,2025-02-09 13:55:02,4v4,1,Land Nomad
1123740,2025-02-09 14:45:22,4v4,0,Land Nomad
1123775,2025-02-09 15:19:10,4v4,0,Land Nomad
1123877,2025-02-09 17:28:33,4v4,0,Land Nomad
1127306,2025-02-14 20:27:35,4v4,0,Land Nomad
1127876,2025-02-15 12:42:43,4v4,1,Land Nomad
1127898,2025-02-15 13:15:44,4v4,1,Land Nomad
1128187,2025-02-15 20:59:52,4v4,1,Land Nomad
1128207,2025-02-15 21:53:40,4v4,0,Land Nomad
1128238,2025-02-15 22:36:41,4v4,1,Land Nomad
1128638,2025-02-16 08:44:53,4v4,0,Land Nomad
1128717,2025-02-16 12:39:19,4v4,0,Land Nomad
1128739,2025-02-16 13:27:26,4v4,1,Land Nomad
1128773,2025-02-16 14:19:42,4v4,0,Land Nomad
1128893,2025-02-16 17:56:20,4v4,0,Land Nomad
1128946,2025-02-16 18:36:03,4v4,0,
1128947,2025-02-16 19:25:03,4v4,1,Land Nomad
1132544,2025-02-21 17:23:41,4v4,1,Land Nomad
1132587,2025-02-21 19:12:07,4v4,1,Land Nomad
1132623,2025-02-21 19:56:06,4v4,1,Land Nomad
1132653,2025-02-21 20:29:21,4v4,0,Land Nomad
1132673,2025-02-21 21:01:47,4v4,1,Land Nomad
1132691,2025-02-21 21:49:14,4v4,0,Land Nomad
1133072,2025-02-22 08:05:06,4v4,1,Land Nomad
1133079,2025-02-22 08:05:41,4v4,1,Land Nomad
1133080,2025-02-22 09:00:11,4v4,1,Land Nomad
1133101,2025-02-22 09:45:34,4v4,0,Land Nomad
1133115,2025-02-22 10:33:36,4v4,1,Land Nomad
1133124,2025-02-22 11:19:39,4v4,1,Land Nomad
1133165,2025-02-22 13:19:01,4v4,1,Land Nomad
1133290,2025-02-22 16:41:56,4v4,1,Land Nomad
1133304,2025-02-22 17:18:03,4v4,1,Land Nomad
1133325,2025-02-22 17:43:24,4v4,1,Land Nomad
1133364,2025-02-22 19:05:07,4v4,0,Land Nomad
1133406,2025-02-22 19:35:40,4v4,1,Land Nomad
1133429,2025-02-22 20:22:18,4v4,0,Land Nomad
1133460,2025-02-22 21:06:23,4v4,0,Land Nomad
1133481,2025-02-22 21:28:01,4v4,1,Land Nomad
1133491,2025-02-22 22:09:23,4v4,1,Land Nomad
1133535,2025-02-22 22:38:37,4v4,0,Land Nomad
1133839,2025-02-23 09:24:03,4v4,0,Land Nomad
1133857,2025-02-23 10:03:12,4v4,1,Land Nomad
1133861,2025-02-23 10:35:25,4v4,0,Land Nomad
1133869,2025-02-23 11:30:55,4v4,0,Land Nomad
1133881,2025-02-23 12:15:48,4v4,0,Land Nomad
1133899,2025-02-23 12:50:12,4v4,0,Land Nomad
1133922,2025-02-23 13:20:46,4v4,1,Land Nomad
1133942,2025-02-23 13:47:44,4v4,0,Land Nomad
1133955,2025-02-23 14:27:09,4v4,0,Land Nomad
1134019,2025-02-23 16:22:20,4v4,1,Land Nomad
1134080,2025-02-23 17:53:52,4v4,1,Land Nomad
1134125,2025-02-23 18:57:49,4v4,1,Land Nomad
1134146,2025-02-23 19:33:30,4v4,1,Land Nomad
1134183,2025-02-23 20:27:10,4v4,0,Land Nomad
1137607,2025-02-28 20:11:55,4v4,0,Land Nomad
1137647,2025-02-28 20:54:15,4v4,0,Land Nomad
1138042,2025-03-01 07:27:04,4v4,0,Land Nomad
1138059,2025-03-01 07:58:10,4v4,1,Land Nomad
1138079,2025-03-01 08:40:36,4v4,1,Land Nomad
1138134,2025-03-01 10:36:21,4v4,0,Land Nomad
1138152,2025-03-01 11:27:14,4v4,0,Land Nomad
1138165,2025-03-01 12:16:30,4v4,0,Land Nomad
1138357,2025-03-01 17:39:02,4v4,1,Land Nomad
1138405,2025-03-01 18:24:03,4v4,0,Land Nomad
1138437,2025-03-01 19:05:25,4v4,0,Land Nomad
1138470,2025-03-01 20:19:35,4v4,1,Land Nomad
1138504,2025-03-01 21:08:25,4v4,1,Land Nomad
1138535,2025-03-01 21:47:09,4v4,0,Land Nomad
1138564,2025-03-01 22:26:57,4v4,1,Land Nomad
1138895,2025-03-02 08:12:56,4v4,1,Land Nomad
1138931,2025-03-02 09:49:40,4v4,0,Land Nomad
1138976,2025-03-02 10:46:54,4v4,1,Land Nomad
1139024,2025-03-02 12:41:41,4v4,1,Land Nomad
1139039,2025-03-02 13:21:20,4v4,0,Land Nomad
1139061,2025-03-02 14:01:14,4v4,1,Land Nomad
1139080,2025-03-02 14:41:44,4v4,0,Land Nomad
1139238,2025-03-02 19:16:43,4v4,0,Land Nomad
1139259,2025-03-02 19:54:13,4v4,1,Land Nomad
1139283,2025-03-02 21:01:42,4v4,0,Land Nomad
1142546,2025-03-07 17:13:50,4v4,1,Land Nomad
1142561,2025-03-07 17:54:06,4v4,1,Land Nomad
1142590,2025-03-07 19:05:14,4v4,0,Land Nomad
1142634,2025-03-07 19:59:44,4v4,1,Land Nomad
1142684,2025-03-07 20:33:51,4v4,0,Land Nomad
1142713,2025-03-07 21:19:57,4v4,1,Land Nomad
1142770,2025-03-07 22:25:06,4v4,1,Land Nomad
1143145,2025-03-08 09:17:22,4v4,1,Land Nomad
1143182,2025-03-08 10:06:23,4v4,0,Land Nomad
1143199,2025-03-08 11:10:41,4v4,0,Land Nomad
1143213,2025-03-08 11:51:13,4v4,0,Land Nomad
1143224,2025-03-08 12:28:22,4v4,1,Land Nomad
1143238,2025-03-08 12:54:50,4v4,0,Land Nomad
1143252,2025-03-08 13:29:36,4v4,1,Land Nomad
1143273,2025-03-08 14:25:36,4v4,1,Land Nomad
1143364,2025-03-08 17:38:43,4v4,0,Land Nomad
1143494,2025-03-08 20:27:47,4v4,1,Land Nomad
1143537,2025-03-08 21:24:47,4v4,1,Land Nomad
1143603,2025-03-08 22:20:41,4v4,1,Land Nomad
1143974,2025-03-09 08:57:36,4v4,1,Land Nomad
1144004,2025-03-09 09:40:24,4v4,1,Land Nomad
1144020,2025-03-09 10:14:53,4v4,0,Land Nomad
1144036,2025-03-09 11:04:27,4v4,1,Land Nomad
1144053,2025-03-09 11:45:50,4v4,0,Land Nomad
1144059,2025-03-09 12:24:47,4v4,0,Land Nomad
1144075,2025-03-09 12:58:43,4v4,0,Land Nomad
1144088,2025-03-09 13:37:58,4v4,0,Land Nomad
1144112,2025-03-09 14:09:27,4v4,1,Land Nomad
1144134,2025-03-09 14:45:58,4v4,0,Land Nomad
1144211,2025-03-09 16:56:10,4v4,0,Land Nomad
1144226,2025-03-09 17:32:05,4v4,0,Land Nomad
1144247,2025-03-09 18:14:12,4v4,1,Land Nomad
1144265,2025-03-09 18:48:21,4v4,1,Land Nomad
1144288,2025-03-09 19:40:32,4v4,0,Land Nomad
1148933,2025-03-15 21:48:07,4v4,1,Land Nomad
1149363,2025-03-16 09:00:11,4v4,0,Land Nomad
1149383,2025-03-16 10:02:33,4v4,0,Land Nomad
1149397,2025-03-16 10:37:04,4v4,0,Land Nomad
1149403,2025-03-16 11:12:50,4v4,1,Land Nomad
1149411,2025-03-16 11:57:39,4v4,0,Land Nomad
1149428,2025-03-16 12:41:01,4v4,1,Land Nomad
1149447,2025-03-16 13:15:02,4v4,1,Land Nomad
1149456,2025-03-16 13:46:24,4v4,1,Land Nomad
1149471,2025-03-16 14:25:16,4v4,1,Land Nomad
1149488,2025-03-16 15:10:43,4v4,0,Land Nomad
1149585,2025-03-16 17:55:35,4v4,0,Land Nomad
1149627,2025-03-16 18:46:01,4v4,1,Land Nomad
1149661,2025-03-16 19:33:55,4v4,1,Land Nomad
1149714,2025-03-16 20:39:36,4v4,1,Land Nomad
1153223,2025-03-21 18:26:26,4v4,1,Land Nomad
1153297,2025-03-21 20:29:01,4v4,0,Land Nomad
1153340,2025-03-21 21:05:28,4v4,0,Land Nomad
1153376,2025-03-21 22:01:16,4v4,1,Land Nomad
1153405,2025-03-21 22:43:30,4v4,1,Land Nomad
1153427,2025-03-21 23:16:53,4v4,0,Land Nomad
1153981,2025-03-22 13:14:43,4v4,1,Land Nomad
1154011,2025-03-22 13:49:36,4v4,1,Land Nomad
1154129,2025-03-22 17:30:22,4v4,0,Land Nomad
1154150,2025-03-22 18:16:42,4v4,0,Land Nomad
1154201,2025-03-22 19:48:12,4v4,1,Land Nomad
1154258,2025-03-22 20:23:06,4v4,0,Land Nomad
1154294,2025-03-22 21:03:44,4v4,1,Land Nomad
1154339,2025-03-22 21:34:28,4v4,0,Land Nomad
1154368,2025-03-22 22:13:44,4v4,1,Land Nomad
1154400,2025-03-22 23:11:22,4v4,1,Land Nomad
1154806,2025-03-23 09:28:23,4v4,0,Land Nomad
1154846,2025-03-23 10:42:11,4v4,1,Land Nomad
1154892,2025-03-23 11:29:29,4v4,0,Land Nomad
1154913,2025-03-23 12:19:35,4v4,1,Land Nomad
1154934,2025-03-23 12:57:04,4v4,1,Land Nomad
1154945,2025-03-23 13:33:50,4v4,1,Land Nomad
1154968,2025-03-23 14:18:53,4v4,1,Land Nomad
1155004,2025-03-23 15:20:01,4v4,0,Land Nomad
1155152,2025-03-23 18:43:46,4v4,1,Land Nomad
1155191,2025-03-23 19:18:53,4v4,0,Land Nomad
1155225,2025-03-23 20:07:52,4v4,0,Land Nomad
1155258,2025-03-23 20:51:33,4v4,0,Land Nomad
1158680,2025-03-28 19:01:53,4v4,0,Land Nomad
1158707,2025-03-28 19:32:05,4v4,1,Land Nomad
1158724,2025-03-28 20:14:44,4v4,0,Land Nomad
1158756,2025-03-28 21:30:30,4v4,0,Land Nomad
1158809,2025-03-28 22:17:20,4v4,1,Land Nomad
1159394,2025-03-29 09:56:09,4v4,0,Land Nomad
1159418,2025-03-29 10:31:54,4v4,0,Land Nomad
1159441,2025-03-29 11:06:58,4v4,1,Land Nomad
1159535,2025-03-29 14:20:14,4v4,0,Land Nomad
1159555,2025-03-29 15:01:00,4v4,1,Land Nomad
1159587,2025-03-29 15:36:33,4v4,1,Land Nomad
1159657,2025-03-29 17:11:52,4v4,1,Land Nomad
1159693,2025-03-29 17:55:40,4v4,0,Land Nomad
1159725,2025-03-29 18:57:35,4v4,1,Land Nomad
1159806,2025-03-29 19:45:49,4v4,1,Land Nomad
1159842,2025-03-29 20:31:02,4v4,0,Land Nomad
1159872,2025-03-29 21:13:14,4v4,1,Land Nomad
1159907,2025-03-29 22:06:21,4v4,0,Land Nomad
1159960,2025-03-29 22:40:02,4v4,0,Land Nomad
1159994,2025-03-29 23:22:42,4v4,1,Land Nomad
1160479,2025-03-30 08:47:58,4v4,1,Land Nomad
1160516,2025-03-30 09:25:17,4v4,1,Land Nomad
1160541,2025-03-30 10:20:20,4v4,1,Land Nomad
1160563,2025-03-30 11:00:05,4v4,1,Land Nomad
1160583,2025-03-30 11:59:51,4v4,0,Land Nomad
1160599,2025-03-30 12:25:10,4v4,1,Land Nomad
1160609,2025-03-30 13:10:01,4v4,1,Land Nomad
1160637,2025-03-30 13:41:34,4v4,1,Land Nomad
1160659,2025-03-30 15:08:50,4v4,1,Land Nomad
1160818,2025-03-30 17:29:07,4v4,1,Land Nomad
1160839,2025-03-30 18:05:48,4v4,1,Land Nomad
1160854,2025-03-30 18:48:26,4v4,1,Land Nomad
1164240,2025-04-04 20:58:56,4v4,1,Land Nomad
1164278,2025-04-04 21:50:05,4v4,1,Land Nomad
1164327,2025-04-04 22:36:51,4v4,0,Land Nomad
1164819,2025-04-05 10:29:06,4v4,1,Land Nomad
1164847,2025-04-05 11:16:47,4v4,1,Land Nomad
1164924,2025-04-05 13:12:26,4v4,0,Land Nomad
1164952,2025-04-05 13:49:57,4v4,0,Land Nomad
1164977,2025-04-05 14:21:59,4v4,1,Land Nomad
1164991,2025-04-05 14:53:57,4v4,1,Land Nomad
1165017,2025-04-05 15:52:29,4v4,1,Land Nomad
1165151,2025-04-05 18:34:22,4v4,1,Land Nomad
1165165,2025-04-05 19:05:36,4v4,1,Land Nomad
1165194,2025-04-05 20:34:29,4v4,1,Land Nomad
1165253,2025-04-05 21:09:23,4v4,1,Land Nomad
1165280,2025-04-05 22:07:36,4v4,1,Land Nomad
1165334,2025-04-05 22:46:13,4v4,0,Land Nomad
1165915,2025-04-06 09:06:08,4v4,1,Land Nomad
1165950,2025-04-06 09:29:09,4v4,1,Land Nomad
1165957,2025-04-06 10:13:32,4v4,0,Land Nomad
1166005,2025-04-06 11:29:00,4v4,0,Land Nomad
1166018,2025-04-06 12:03:57,4v4,1,Land Nomad
1166021,2025-04-06 11:59:42,4v4,0,Land Nomad
1166048,2025-04-06 13:34:32,4v4,0,Land Nomad
1166084,2025-04-06 14:01:55,4v4,1,Land Nomad
1166102,2025-04-06 14:27:19,4v4,0,Land Nomad
1166121,2025-04-06 14:58:14,4v4,1,Land Nomad
1166150,2025-04-06 16:25:59,4v4,0,Land Nomad
1166200,2025-04-06 17:02:30,4v4,0,Land Nomad
1166224,2025-04-06 17:45:50,4v4,1,Land Nomad
1166226,2025-04-06 17:45:55,4v4,0,Land Nomad
1166277,2025-04-06 18:50:03,4v4,0,Land Nomad
1166338,2025-04-06 19:26:51,4v4,1,Land Nomad
1170225,2025-04-11 19:35:15,4v4,1,Land Nomad
1170263,2025-04-11 20:26:28,4v4,0,Land Nomad
1170294,2025-04-11 20:53:50,4v4,1,Land Nomad
1170309,2025-04-11 21:31:08,4v4,1,Land Nomad
1170338,2025-04-11 22:25:14,4v4,0,Land Nomad
1170826,2025-04-12 10:02:55,4v4,0,Land Nomad
1171013,2025-04-12 15:20:51,4v4,1,Land Nomad
1171081,2025-04-12 17:16:55,4v4,0,Land Nomad
1171103,2025-04-12 17:55:44,4v4,0,Land Nomad
1171123,2025-04-12 18:31:50,4v4,1,Land Nomad
1171141,2025-04-12 19:14:15,4v4,1,Land Nomad
1171181,2025-04-12 19:51:39,4v4,1,Land Nomad
1171200,2025-04-12 20:32:28,4v4,0,Land Nomad
1171224,2025-04-12 21:03:19,4v4,0,Land Nomad
1171244,2025-04-12 21:44:03,4v4,1,Land Nomad
1171289,2025-04-12 22:25:14,4v4,0,Land Nomad
1171766,2025-04-13 08:09:59,4v4,1,Land Nomad
1171801,2025-04-13 08:39:11,4v4,1,Land Nomad
1171812,2025-04-13 09:12:19,4v4,0,Land Nomad
1171820,2025-04-13 10:05:47,4v4,0,Land Nomad
1171837,2025-04-13 10:48:27,4v4,0,Land Nomad
1171860,2025-04-13 11:23:04,4v4,0,Land Nomad
1171876,2025-04-13 12:23:21,4v4,0,Land Nomad
1171894,2025-04-13 12:37:58,4v4,0,Land Nomad
1171904,2025-04-13 13:02:04,4v4,1,Land Nomad
1171928,2025-04-13 13:58:24,4v4,1,Land Nomad
1171957,2025-04-13 15:33:37,4v4,1,Land Nomad
1172014,2025-04-13 16:07:53,4v4,1,Land Nomad
1172032,2025-04-13 16:44:08,4v4,1,Land Nomad
1172054,2025-04-13 17:20:37,4v4,0,Land Nomad
1172109,2025-04-13 19:17:57,4v4,1,Land Nomad
1172155,2025-04-13 20:08:28,4v4,0,Land Nomad
1172210,2025-04-13 20:37:14,4v4,0,Land Nomad
1172250,2025-04-13 21:06:53,4v4,0,Land Nomad
1172284,2025-04-13 21:46:36,4v4,1,Land Nomad
1172339,2025-04-13 22:28:39,4v4,1,Land Nomad
1172402,2025-04-13 23:21:33,4v4,0,Land Nomad
1172777,2025-04-14 09:05:42,4v4,1,Land Nomad
1172785,2025-04-14 09:49:13,4v4,1,Land Nomad
1172797,2025-04-14 10:49:24,4v4,0,Land Nomad
1172810,2025-04-14 11:43:24,4v4,1,Land Nomad
1172838,2025-04-14 12:55:02,4v4,1,Land Nomad
1172848,2025-04-14 13:35:10,4v4,1,Land Nomad
1172865,2025-04-14 14:04:30,4v4,0,Land Nomad
1172879,2025-04-14 14:43:56,4v4,0,Land Nomad
1172926,2025-04-14 16:35:06,4v4,0,Land Nomad
1172958,2025-04-14 16:36:09,4v4,1,Land Nomad
1172959,2025-04-14 17:13:47,4v4,0,Land Nomad
1172991,2025-04-14 17:48:52,4v4,0,Land Nomad
1173057,2025-04-14 19:38:55,4v4,1,Land Nomad
1173128,2025-04-14 21:11:00,4v4,0,Land Nomad
1175663,2025-04-17 19:27:54,4v4,1,Land Nomad
1175704,2025-04-17 20:09:18,4v4,1,Land Nomad
1175738,2025-04-17 20:37:35,4v4,1,Land Nomad
1175769,2025-04-17 21:46:22,4v4,0,Land Nomad
1175828,2025-04-17 22:22:59,4v4,0,Land Nomad
1175859,2025-04-17 22:59:37,4v4,1,Land Nomad
1176631,2025-04-18 17:22:25,4v4,1,Land Nomad
1176670,2025-04-18 18:04:03,4v4,0,Land Nomad
1176730,2025-04-18 19:21:50,4v4,0,Land Nomad
1176764,2025-04-18 19:46:59,4v4,1,Land Nomad
1176782,2025-04-18 20:16:29,4v4,1,Land Nomad
1176798,2025-04-18 20:57:46,4v4,1,Land Nomad
1176802,2025-04-18 20:48:52,4v4,0,Land Nomad
1176827,2025-04-18 21:30:10,4v4,1,Land Nomad
1176859,2025-04-18 22:13:34,4v4,0,Land Nomad
1177392,2025-04-19 08:54:52,4v4,1,Land Nomad
1177410,2025-04-19 10:04:35,4v4,0,Land Nomad
1177424,2025-04-19 10:29:43,4v4,0,Land Nomad
1177428,2025-04-19 11:04:35,4v4,0,Land Nomad
1177470,2025-04-19 13:11:58,4v4,0,Land Nomad
1177670,2025-04-19 18:47:47,4v4,1,Land Nomad
1178354,2025-04-20 09:35:47,4v4,1,Land Nomad
1178372,2025-04-20 10:11:58,4v4,0,Land Nomad
1178387,2025-04-20 10:48:00,4v4,1,Land Nomad
1178422,2025-04-20 13:02:54,4v4,0,Land Nomad
1178439,2025-04-20 13:41:36,4v4,0,Land Nomad
1178458,2025-04-20 14:37:22,4v4,1,Land Nomad
1178485,2025-04-20 15:10:20,4v4,0,Land Nomad
1178522,2025-04-20 15:51:05,4v4,1,Land Nomad
1178553,2025-04-20 16:30:47,4v4,1,Land Nomad
1178570,2025-04-20 17:08:40,4v4,1,Land Nomad
1178602,2025-04-20 17:52:58,4v4,0,Land Nomad
1178648,2025-04-20 18:36:00,4v4,0,Land Nomad
1178689,2025-04-20 19:17:52,4v4,0,Land Nomad
1178711,2025-04-20 20:01:54,4v4,0,Land Nomad
1178738,2025-04-20 20:42:12,4v4,1,Land Nomad
1182816,2025-04-25 17:37:32,4v4,0,Land Nomad
1182871,2025-04-25 20:01:00,4v4,0,Land Nomad
1182908,2025-04-25 20:28:30,4v4,1,Land Nomad
1182922,2025-04-25 21:06:19,4v4,0,Land Nomad
1182954,2025-04-25 21:38:17,4v4,1,Land Nomad
1183538,2025-04-26 09:09:29,4v4,1,Land Nomad
1183548,2025-04-26 09:48:55,4v4,1,Land Nomad
1183554,2025-04-26 10:21:51,4v4,1,Land Nomad
1183562,2025-04-26 11:05:18,4v4,1,Land Nomad
1183611,2025-04-26 13:11:18,4v4,0,Land Nomad
1183727,2025-04-26 17:33:13,4v4,0,Land Nomad
1183741,2025-04-26 18:25:14,4v4,0,Land Nomad
1183758,2025-04-26 18:45:30,4v4,1,Land Nomad
1183771,2025-04-26 19:39:54,4v4,0,Land Nomad
1183822,2025-04-26 20:23:47,4v4,0,Land Nomad
1183857,2025-04-26 20:57:19,4v4,0,Land Nomad
1183879,2025-04-26 21:18:05,4v4,0,Land Nomad
1183891,2025-04-26 22:05:58,4v4,0,Land Nomad
1183933,2025-04-26 22:37:57,4v4,1,Land Nomad
1183970,2025-04-26 23:28:11,4v4,1,Land Nomad
1184397,2025-04-27 09:03:01,4v4,0,Land Nomad
1184430,2025-04-27 09:40:36,4v4,1,Land Nomad
1184444,2025-04-27 10:15:03,4v4,0,Land Nomad
1184460,2025-04-27 10:44:22,4v4,0,Land Nomad
1184469,2025-04-27 11:18:43,4v4,1,Land Nomad
1184474,2025-04-27 11:58:50,4v4,1,Land Nomad
1184485,2025-04-27 12:37:25,4v4,0,Land Nomad
1184500,2025-04-27 13:15:41,4v4,0,Land Nomad
1184510,2025-04-27 13:56:13,4v4,1,Land Nomad
1184537,2025-04-27 14:45:33,4v4,0,Land Nomad
1184568,2025-04-27 15:19:00,4v4,0,Land Nomad
1184601,2025-04-27 16:08:16,4v4,1,Land Nomad
1184628,2025-04-27 16:41:11,4v4,1,Land Nomad
1184694,2025-04-27 18:29:47,4v4,0,Land Nomad
1184714,2025-04-27 19:00:34,4v4,1,Land Nomad
1184738,2025-04-27 19:42:02,4v4,0,Land Nomad
1184761,2025-04-27 20:06:16,4v4,1,Land Nomad
1184774,2025-04-27 20:40:21,4v4,0,Land Nomad
1187759,2025-05-01 15:05:21,4v4,1,Land Nomad
1187781,2025-05-01 15:57:58,4v4,0,Land Nomad
1187909,2025-05-01 20:31:40,4v4,0,Land Nomad
1187940,2025-05-01 21:29:31,4v4,0,Land Nomad
1187972,2025-05-01 22:12:15,4v4,0,Land Nomad
1187990,2025-05-01 22:58:34,4v4,0,Land Nomad
1188742,2025-05-02 21:18:23,4v4,1,Land Nomad
1188765,2025-05-02 21:54:44,4v4,0,Land Nomad
1188794,2025-05-02 22:35:00,4v4,0,Land Nomad
1188842,2025-05-02 23:25:28,4v4,1,Land Nomad
1189339,2025-05-03 10:16:50,4v4,0,Land Nomad
1189373,2025-05-03 10:54:53,4v4,1,Land Nomad
1189417,2025-05-03 12:30:02,4v4,1,Land Nomad
1189640,2025-05-03 20:02:32,4v4,0,Land Nomad
1189660,2025-05-03 20:49:06,4v4,0,Land Nomad
1189687,2025-05-03 21:29:07,4v4,0,Land Nomad
1189724,2025-05-03 22:16:28,4v4,1,Land Nomad
1189760,2025-05-03 22:48:41,4v4,1,Land Nomad
1189782,2025-05-03 23:16:26,4v4,0,Land Nomad
1189799,2025-05-03 23:52:42,4v4,0,Land Nomad
1190176,2025-05-04 08:56:42,4v4,0,Land Nomad
1190212,2025-05-04 09:38:52,4v4,0,Land Nomad
1190230,2025-05-04 10:24:15,4v4,0,Land Nomad
1190321,2025-05-04 14:19:49,4v4,1,Land Nomad
1190337,2025-05-04 15:03:44,4v4,1,Land Nomad
1190364,2025-05-04 15:55:25,4v4,1,Land Nomad
1190393,2025-05-04 16:33:05,4v4,0,Land Nomad
1190423,2025-05-04 17:19:36,4v4,0,Land Nomad
1190505,2025-05-04 19:12:18,4v4,0,Land Nomad
1190523,2025-05-04 19:58:34,4v4,0,Land Nomad
1190563,2025-05-04 20:43:44,4v4,0,Land Nomad
1190594,2025-05-04 21:34:34,4v4,1,Land Nomad
1190637,2025-05-04 22:18:13,4v4,1,Land Nomad
1193621,2025-05-09 20:19:47,4v4,1,Land Nomad
1193679,2025-05-09 20:47:03,4v4,1,Land Nomad
1193702,2025-05-09 21:19:02,4v4,1,Land Nomad
1193732,2025-05-09 22:18:42,4v4,1,Land Nomad
1193766,2025-05-09 23:09:39,4v4,1,Land Nomad
1194200,2025-05-10 09:27:39,4v4,1,Land Nomad
1194270,2025-05-10 10:55:47,4v4,1,Land Nomad
1194372,2025-05-10 14:11:18,4v4,1,Land Nomad
1194381,2025-05-10 14:41:00,4v4,0,Land Nomad
1194398,2025-05-10 15:31:13,4v4,1,Land Nomad
1194446,2025-05-10 16:57:46,4v4,1,Land Nomad
1194469,2025-05-10 18:08:22,4v4,1,Land Nomad
1194526,2025-05-10 19:52:04,4v4,0,Land Nomad
1194559,2025-05-10 20:36:40,4v4,0,Land Nomad
1194587,2025-05-10 21:06:06,4v4,0,Land Nomad
1194604,2025-05-10 21:44:55,4v4,0,Land Nomad
1194622,2025-05-10 22:23:53,4v4,0,Land Nomad
1194641,2025-05-10 22:59:56,4v4,1,Land Nomad
1195083,2025-05-11 10:15:45,4v4,1,Land Nomad
1195234,2025-05-11 16:20:46,4v4,0,Land Nomad
1195251,2025-05-11 17:03:17,4v4,1,Land Nomad
1195286,2025-05-11 17:45:47,4v4,1,Land Nomad
1195340,2025-05-11 18:43:29,4v4,1,Land Nomad
1195363,2025-05-11 19:22:37,4v4,1,Land Nomad
1195402,2025-05-11 20:03:46,4v4,1,Land Nomad
1195426,2025-05-11 20:37:15,4v4,0,Land Nomad
1195455,2025-05-11 21:16:58,4v4,1,Land Nomad
1195484,2025-05-11 22:03:01,4v4,1,Land Nomad
1195526,2025-05-11 22:51:03,4v4,0,Land Nomad
1195559,2025-05-11 23:34:28,4v4,0,Land Nomad
1198400,2025-05-16 19:46:19,4v4,1,Land Nomad
1198418,2025-05-16 20:28:37,4v4,0,Land Nomad
1198440,2025-05-16 21:01:31,4v4,0,Land Nomad
1198462,2025-05-16 21:31:10,4v4,0,Land Nomad
1198488,2025-05-16 22:03:40,4v4,0,Land Nomad
1198843,2025-05-17 08:49:08,4v4,0,Land Nomad
1198854,2025-05-17 09:37:21,4v4,1,Land Nomad
1198870,2025-05-17 10:12:13,4v4,0,Land Nomad
1198921,2025-05-17 13:44:00,4v4,0,Land Nomad
1199009,2025-05-17 18:14:35,4v4,0,Land Nomad
1199039,2025-05-17 18:52:02,4v4,0,Land Nomad
1199063,2025-05-17 19:39:14,4v4,1,Land Nomad
1199089,2025-05-17 20:24:43,4v4,1,Land Nomad
1199114,2025-05-17 21:12:36,4v4,0,Land Nomad
1199147,2025-05-17 22:16:19,4v4,0,Land Nomad
1199166,2025-05-17 22:36:50,4v4,1,Land Nomad
1199179,2025-05-17 23:11:03,4v4,0,Land Nomad
1199198,2025-05-17 23:49:36,4v4,1,Land Nomad
1199506,2025-05-18 10:06:08,4v4,1,Land Nomad
1199521,2025-05-18 10:41:17,4v4,1,Land Nomad
1199526,2025-05-18 11:36:21,4v4,1,Land Nomad
1199568,2025-05-18 13:44:37,4v4,0,Land Nomad
1199583,2025-05-18 14:20:42,4v4,0,Land Nomad
1199597,2025-05-18 14:49:19,4v4,0,Land Nomad
1199704,2025-05-18 18:32:59,4v4,1,Land Nomad
1199716,2025-05-18 19:23:52,4v4,1,Land Nomad
1199757,2025-05-18 20:11:10,4v4,1,Land Nomad
1199786,2025-05-18 20:45:41,4v4,1,Land Nomad
1199804,2025-05-18 21:31:27,4v4,0,Land Nomad
1199855,2025-05-18 22:13:31,4v4,0,Land Nomad
1200767,2025-05-20 20:40:11,4v4,0,Land Nomad
1200778,2025-05-20 21:35:01,4v4,0,Land Nomad
